job_title,company_name,city,job_posted,job_type,level_experience,education_min_lvl,industry,min_salary,max_salary,id
Utility Engineer,PT Maju Bersama Gemilang,Kendal,2025-02-11,fullTime,Fresh Grad / Junior,S1,Manufacturing,N/A,N/A,de2a41d9-26e0-44f5-ab7e-2191e1b0f12c
Documentation & Certification Engineer,Frogs Indonesia,Yogyakarta,2025-02-06,fullTime,Fresh Grad / Junior,S1,Aviation and Aerospace,3000000,3500000,9c457d35-e9ca-4fd3-b143-7cdfaaed0264
Electrical Field Engineer (Antenna RF/IF),Pasifik Satelit Nusantara,Indonesia,2025-02-13,fullTime,Fresh Grad / Junior,S1,Telecomunication,N/A,N/A,7ab2fe88-3267-423e-8e80-3796061f7333
Mechanical & Electrical Engineering (Chemical Industry),PT Dutagaruda Piranti Prima,Bekasi,2025-02-12,fullTime,Mid-Senior Level Manager,S1,Human Resources Services,N/A,N/A,eed7f5b9-7086-46ab-8631-e076779af8f4
Desktop Engineer,PT Multipolar Technology,Tangerang,2025-02-12,fullTime,Fresh Grad / Junior,S1,Information Technology,N/A,N/A,5f3a4089-7ead-4eca-96ea-e9c9f99badd4
IT System Analyst & Tester Unit,Asuransi Sinar Mas,Jakarta,2025-02-13,fullTime,Fresh Grad / Junior,S1,Insurance,7000000,8000000,1b23b1f7-bd0f-428d-95b7-9bf93066a400
Software Laboratory Section Head - BINUS @ Medan,BINUS Group,Medan,2025-01-03,fullTime,Supervisor / Asisten Manager,S1,Education Administration Programs,N/A,N/A,3287ac65-02d5-441f-8cdb-3121e780618b
Professional Services Coordinator,PT. Mandiri International Technology,Jakarta,2025-02-05,fullTime,Fresh Grad / Junior,S1,IT Consulting & Services Company,N/A,N/A,5a3017a8-0222-40d2-8d77-1ca1c0b6ed5c
Certification & Regulatory Specialist,MODENA,Jakarta,2025-02-10,fullTime,Fresh Grad / Junior,S1,"Appliances, Electrical, And Electronics Manufacturing",N/A,N/A,6dd8c890-34b5-4ec3-9568-da331cd7f0b6
.Net Developer,Digital Tech Asia,Jakarta,2025-02-12,contract,Fresh Grad / Junior,S1,IT Consulting and Services,N/A,N/A,f5a43a04-83ad-428d-895e-74b3ef1510db
Radio Solution Engineer,Xapiens Teknologi Indonesia,Tangerang Selatan,2025-02-10,contract,Mid-Senior Level Manager,S1,ICT Services,N/A,N/A,a01cd7c4-6569-4dfb-81e1-0531490efea1
Desktop (.Net + Electron) + Web  (Laravel + Nuxt JS),Digital Tech Asia,Bandung,2025-02-05,contract,Supervisor / Asisten Manager,S1,IT Consulting and Services,N/A,N/A,04cb4283-e899-4013-96fd-303a2ee6b4ae
Teknisi AC Tangerang,Kharisma Potensia Indonesia,Tangerang,2025-01-31,contract,Other,S1,Human Resources and Consulting,4800000,4900000,f5e0fa8f-c91b-40d8-baf4-53e14c58e97f
Mobile Apps Developer,Pasifik Satelit Nusantara,Jakarta,2025-02-13,fullTime,Fresh Grad / Junior,S1,Telecomunication,N/A,N/A,b9102262-4332-4d9e-9897-da23b0562082
Fullstack Developer (Backend dan Frontend),Dexa Group,Tangerang Selatan,2024-12-10,fullTime,Fresh Grad / Junior,S1,Pharmaceutical,N/A,N/A,200ca852-79b1-48e5-aba9-91c93fa23ba3
Teknisi,Rotaryana Engineering,Jakarta,2025-02-12,contract,Fresh Grad / Junior,S1,Facilities Services,5100000,6000000,c2e6328d-1de3-4e06-a4ff-8d87a0ae3352
Java Developer,PT. Mandiri International Technology,Jakarta,2025-02-04,contract,Fresh Grad / Junior,S1,IT Consulting & Services Company,7500000,11000000,475dd7ac-aeaf-4e2d-a0f7-f2abb6f76f3b
Claim Surveyor (Motor),PT. Asuransi MSIG Indonesia,Jakarta,2025-02-10,fullTime,Fresh Grad / Junior,S1,Insurance,N/A,N/A,c385ec3f-0855-47a9-852c-687a234316cf
Daily Worker Engineering,PT Vidya Artha Tama,Jakarta,2025-01-20,fullTime,Fresh Grad / Junior,S1,Facilities Services,2000000,3000000,ea0462ac-3a8a-477f-8836-8a775707da51
Technical Lead,SG-EDTS,Jakarta,2025-02-07,fullTime,Supervisor / Asisten Manager,S1,IT Services And IT Consulting,N/A,N/A,f66fca50-e8c7-458f-8662-7daa004a7a03
Software Quality Assurance Automation (QA Automation),ORDO Apps,Surabaya,2025-02-10,fullTime,Fresh Grad / Junior,S1,Software Development,5500000,5500001,c2a03171-7c7b-4616-a477-55b5752e0344
Site Manager Pembangunan UC Jakarta,Universitas Ciputra,Jakarta,2025-01-14,fullTime,Supervisor / Asisten Manager,S1,Perguruan Tinggi,N/A,N/A,4a91a81f-05de-4d75-93a8-25068823aff7
Senior Scrum Master,Sprout Digital Labs,Tangerang,2025-01-09,fullTime,Mid-Senior Level Manager,S1,Digital Services and Technology,N/A,N/A,ec52d226-a752-44d4-b571-ad5aa101299f
Senior AI Engineer,Akar Inti Data,Jakarta,2025-01-24,fullTime,Supervisor / Asisten Manager,S1,Information Technology & Services,17000000,30000000,376aafdf-1ecd-44f3-a8ac-1794e77d9810
Programmer (Penempatan Makassar),Universitas Ciputra,Makassar,2025-01-24,fullTime,Supervisor / Asisten Manager,S1,Perguruan Tinggi,N/A,N/A,fecff120-a144-42e9-a132-d01ca1654911
Cloud Engineer (GCP),PT Multipolar Technology,Jakarta,2025-01-03,fullTime,Fresh Grad / Junior,S1,Information Technology,N/A,N/A,d891b491-a339-4066-b404-3c8e2788f89b
Sales Trainee Academy by Ruangguru - Karawang Tuparev,Ruangguru,Bekasi,2024-12-11,internship,Intern,SMA,Technology Education,N/A,N/A,f144bd06-04a4-468f-aad6-dbd2541dd083
IT Quality Assurance Internship,PT Bank Digital BCA (BCA Digital),Jakarta,2025-02-12,internship,Intern,SMA,Banking,N/A,N/A,51252444-be4f-4f85-aed6-405231dc3df3
ERP Functional Support,PT United Family Food,Jakarta,2025-01-22,fullTime,Fresh Grad / Junior,S1,Fast Moving Consumer Good,N/A,N/A,cda507f7-628d-4b47-a7fc-d443d0a1eedd
Security Engineer,Ayoconnect,Jakarta,2024-12-18,fullTime,Supervisor / Asisten Manager,S1,Technology Services,N/A,N/A,af602b07-5bc9-40c8-a3d2-7fe7ff995d9b
Software Engineer (GoLang),Ayoconnect,Jakarta,2024-12-18,fullTime,Supervisor / Asisten Manager,S1,Technology Services,N/A,N/A,ad9557c6-ada5-4197-8c5c-4841c8f0533d
Production Technician,Wings Group Indonesia (Sayap Mas Utama),Jakarta,2025-01-15,fullTime,Fresh Grad / Junior,S1,Consumer Goods,N/A,N/A,1c8682a1-9982-48c1-81f8-b5f05c263e8a
IT Application Support,PT Abadinusa Usahasemesta,Jakarta,2025-02-12,fullTime,Supervisor / Asisten Manager,S1,Hospitals And Health Care,N/A,N/A,93515447-08ab-42f3-8eea-7f10b172317e
Automation Quality Assurance (QA) Engineer,Digital Tech Asia,Jakarta,2025-02-12,contract,Fresh Grad / Junior,S1,IT Consulting and Services,6000000,10000000,398206a4-2351-44e0-93ce-cba27c6123dc
Business System Intern,PT Darya-Varia Laboratoria Tbk,Jakarta,2025-02-07,internship,Intern,SMA,Manufacturing (Pharmaceutical),N/A,N/A,960f47bf-00f5-483d-b649-d6eac8f91639
Full Stack Developer,PT Darya-Varia Laboratoria Tbk,Jakarta,2024-12-16,fullTime,Other,S1,Manufacturing (Pharmaceutical),N/A,N/A,a2d88a45-614c-4a09-ad0f-543b34c8852c
Scrum Master,PT Bank Digital BCA (BCA Digital),Jakarta,2025-01-31,fullTime,Fresh Grad / Junior,S1,Banking,N/A,N/A,ef66613d-7e49-4d2c-aa1c-a6b9b1755c1b
Business System Intern,PT Darya-Varia Laboratoria Tbk,Jakarta,2025-02-07,internship,Intern,SMA,Manufacturing (Pharmaceutical),N/A,N/A,2bfd4356-2d8c-47fc-a6ad-645efb4487f3
Learning Technology Analyst,BINUS Group,Jakarta,2025-01-03,fullTime,Supervisor / Asisten Manager,S1,Education Administration Programs,N/A,N/A,7fe7027c-8e69-41fe-a778-11ef0f5600fc
Oracle Functional Consultant,PT Metrodata Electronics Tbk.,Jakarta,2025-01-03,fullTime,Fresh Grad / Junior,S1,Information Tecnology,N/A,N/A,a67eb4b2-3890-45fb-a9e0-982ea45f403b
Freelance Backend Engineer,ASTRO,N/A,2025-01-09,freelance,Fresh Grad / Junior,SMA,Online Groceries,N/A,N/A,856f2679-cccd-4d57-b9a1-9de963ae281e
Architecture Owner Intern,Adira Finance,Jakarta,2025-01-14,internship,Intern,SMA,Financial Services,N/A,N/A,42a708c2-7b92-4ee3-aa6f-a68e53d76b2c
IoT Engineer,Xapiens Teknologi Indonesia,Tangerang Selatan,2025-02-10,contract,Fresh Grad / Junior,S1,ICT Services,8500000,12000000,761ddb84-0edd-4281-9078-915b3a61a26a
Full Stack Engineer,MG Group,N/A,2025-01-31,contract,Mid-Senior Level Manager,S1,Hospitality,N/A,N/A,5925aac2-d84f-417c-951b-b758af99178c
Network Engineer,PT Multipolar Technology,Jakarta,2025-01-15,fullTime,Fresh Grad / Junior,S1,Information Technology,N/A,N/A,1ed1c503-32bd-460d-bbca-5760904c5e3f
Software Engineer Intern,SIRCLO,N/A,2024-12-05,internship,Intern,SMA,Technology Services,N/A,N/A,7de1dc70-94de-446a-9ada-9a2a7e0c218f
Digital IT Intern,Sinar Mas Agribusiness and Food,Jakarta,2024-12-23,internship,Intern,SMA,Food & Beverage,N/A,N/A,dbdb3971-a93e-4189-b732-1f8f509c053e
Business Process & Standardization Intern,Astra Financial,Jakarta,2024-12-17,internship,Intern,SMA,Financial Services,N/A,N/A,4a4e2f83-d1bf-452d-b2d5-798c843beea7
Supervisor Development Program Business Operation (SDP BO),PT. Bintang Toedjoe,Cikarang,2025-01-08,fullTime,Fresh Grad / Junior,S1,Fast Moving Consumer Good,N/A,N/A,d53032d6-ba52-4ea1-852b-d357f41cfa51
SAP Business One Technical Consultant,PT Metrodata Electronics Tbk.,Jakarta,2025-02-05,fullTime,Other,S1,Information Tecnology,N/A,N/A,514d1bbd-266d-4f3f-8e6a-a889c2e7e2c0
IT Infrastructure & Operation Assistant Manager, AEON INDONESIA PT,Tangerang Selatan,2024-12-12,fullTime,Fresh Grad / Junior,S1,Retail,N/A,N/A,81614a7e-fbcf-445d-b2ef-2b80dfe7bd0f
Senior Technical Writer,OpenWay,Tangerang Selatan,2025-01-20,fullTime,Supervisor / Asisten Manager,S1,Software Development,N/A,N/A,21fadb03-b198-4faf-81e5-847fcae1e031
Building & Project Management Analyst,PT TOYOTA ASTRA FINANCIAL SERVICES,Jakarta,2025-01-07,fullTime,Fresh Grad / Junior,S1,Financial Services,N/A,N/A,58f68e7c-7dbe-433e-9549-d549c09c987b
SAP Business One Technical Consultant,PT Metrodata Electronics Tbk.,Jakarta,2025-02-05,fullTime,Other,S1,Information Tecnology,N/A,N/A,8be3e02a-54ba-48ed-8520-6acd30d2fd6c
Programming Intern,PT. CS2 POLA SEHAT,Bogor,2025-02-03,internship,Intern,SMA,Multinational Consulting / FMCG,N/A,N/A,00290218-e30a-44c6-8476-5d116b920321
Electric Technician Officer,Arya Noble,Jakarta,2025-01-13,fullTime,Fresh Grad / Junior,S1,Consumer Services,N/A,N/A,c42f9689-578c-437b-91e3-9ca456ca3b25
End User Support Officer,Arya Noble,Jakarta,2024-12-27,contract,Fresh Grad / Junior,S1,Consumer Services,N/A,N/A,e7411dcd-5920-4871-8674-4a7cb9527f34
Electric Technician Staff (Cikarang),Arya Noble,Cikarang,2025-01-30,fullTime,Fresh Grad / Junior,S1,Consumer Services,N/A,N/A,f3febdb7-981b-48f1-8bfe-87ae68d034d9
ERP Software Engineer,Formulatrix Indonesia,Salatiga,2025-01-22,fullTime,Fresh Grad / Junior,S1,Biotechnology,N/A,N/A,ebd43993-d3fe-4c42-8cf5-2df2737a9dd7
Senior Software Engineer (Java Spring Boot),Geek Hunter,Tangerang,2025-01-23,fullTime,Mid-Senior Level Manager,S1,Headhunter,20000000,27000000,80e5b9a8-407b-48ab-847e-4449a7fc46ee
Technical Support,MODENA,Jakarta,2025-01-20,fullTime,Supervisor / Asisten Manager,S1,"Appliances, Electrical, And Electronics Manufacturing",N/A,N/A,cb10a610-28ff-41ed-abc5-6f2d072edc35
Robotic Process Automation Engineer (Contract Based),ParagonCorp,Jakarta,2024-12-03,fullTime,Fresh Grad / Junior,S1,Consumer Goods,N/A,N/A,88c67a0f-89c9-489e-bee9-f188683fc9a0
SAP Functional Consultant (MM/HR/SD),Wings Group Indonesia (Sayap Mas Utama),Jakarta,2024-12-23,fullTime,Fresh Grad / Junior,S1,Consumer Goods,N/A,N/A,7880dd69-ff8a-41d4-9f52-81df46f4dc7d
IT Security,PT Astra Welab Digital Arta (Maucash),Jakarta,2025-01-20,fullTime,Supervisor / Asisten Manager,S1,Financial Services,N/A,N/A,74a58a92-6c7b-4011-8a6d-1da70b6dbdee
IT Security,PT Astra Welab Digital Arta (Maucash),Jakarta,2025-01-20,fullTime,Supervisor / Asisten Manager,S1,Financial Services,N/A,N/A,40a84611-ace5-4d6c-881d-791f2ed9f019
DevSecOps Engineer,PT Astra Welab Digital Arta (Maucash),Jakarta,2025-01-20,fullTime,Fresh Grad / Junior,S1,Financial Services,N/A,N/A,869442ee-1645-4472-bcac-c4f96f6da8ef
Full Stack Engineer (Contract Based),ParagonCorp,Jakarta,2024-12-09,fullTime,Fresh Grad / Junior,S1,Consumer Goods,N/A,N/A,d46d051e-7151-4a6d-9e28-a9da5a58f203
Associate Project Manager (Contract Based),ParagonCorp,Jakarta,2025-01-07,contract,Fresh Grad / Junior,S1,Consumer Goods,N/A,N/A,89d948f9-f551-4c93-8601-b2941cc3da57
IT Security,PT Astra Welab Digital Arta (Maucash),Jakarta,2025-01-20,fullTime,Supervisor / Asisten Manager,S1,Financial Services,N/A,N/A,78ffa8a5-9146-4605-a919-015c6a3c332e
Lead QA Automation Engineer,OpenWay,Tangerang Selatan,2025-01-21,fullTime,Fresh Grad / Junior,S1,Software Development,N/A,N/A,17479288-ba20-4635-9c96-de13de6869e3
Front End Developer,UniPin,Tangerang,2025-02-03,fullTime,Fresh Grad / Junior,S1,Information Tecnology,N/A,N/A,12b1d341-5bb9-4282-a3f6-a37dfc6ef1da
Senior System Analyst,BINUS Group,Jakarta,2025-01-02,fullTime,Supervisor / Asisten Manager,S1,Education Administration Programs,N/A,N/A,3d2b4207-b309-4da0-b410-5822b01f5c07
Research Assistant (Bioinformatics/AI/IT),BINUS Group,Jakarta,2025-01-10,fullTime,Fresh Grad / Junior,S1,Education Administration Programs,N/A,N/A,babf50a1-302e-4890-a6bc-d4e7708b50f8
Flutter Developer Intern,PT.Enseval Putera Megatrading Tbk,Jakarta,2025-01-07,internship,Intern,SMA,Pharmaceutical Manufacturing,3500000,3600000,f7c53302-885f-44fe-9a78-8643f14084dc
Farm Technical Operations Manager,JALA,Yogyakarta,2024-12-09,fullTime,Supervisor / Asisten Manager,S1,"Technology, Information, Internet",10000000,15000000,3d334041-0981-44e5-9679-a0c4a57ebc87
"Site Inspector CSSF Project (Lalombi, Sulawesi Tengah)",JALA,Donggala,2025-01-13,fullTime,Fresh Grad / Junior,S1,"Technology, Information, Internet",5000000,6000000,3a28967d-bee6-426b-a331-9aec0270ba68
Farm Technical Operations Manager,JALA,Yogyakarta,2024-12-09,fullTime,Supervisor / Asisten Manager,S1,"Technology, Information, Internet",10000000,15000000,9fe014da-692d-4d8b-83ba-5ed3d7c0eb44
"Site Inspector CSSF Project (Lalombi, Sulawesi Tengah)",JALA,Donggala,2025-01-13,fullTime,Fresh Grad / Junior,S1,"Technology, Information, Internet",5000000,6000000,37951d28-8263-4294-af84-992fcc237e8e
GA IT Intern,JALA,Yogyakarta,2025-02-03,internship,Intern,SMA,"Technology, Information, Internet",1200000,1250000,ef3ed2f5-bd72-4138-b869-74c7af270f14
Electric Technician Staff (Depok),Arya Noble,Jakarta,2025-01-20,fullTime,Fresh Grad / Junior,S1,Consumer Services,N/A,N/A,7ea5d445-2d4a-47e6-9c89-9cb75469c85a
DevOps Engineer,SG-EDTS,Jakarta,2025-01-23,contract,Supervisor / Asisten Manager,S1,IT Services And IT Consulting,N/A,N/A,70cd2f25-a5a1-40db-9b9a-a9cdd8f84374
DevSecOps,PT ITSEC Asia Tbk,Jakarta,2025-01-16,fullTime,Supervisor / Asisten Manager,S1,Information Technology & Services,N/A,N/A,e9de8e2b-99b2-4d98-80c3-5e122d4aab58
"Web Developer (Nuxt, Java Springboot)",Digital Tech Asia,Bandung,2025-02-05,contract,Fresh Grad / Junior,S1,IT Consulting and Services,N/A,N/A,75e1e27c-ea17-40ba-8378-d9de078e4d41
Batching Plant Operator (BPO),BRIK,Jakarta,2025-01-09,contract,Fresh Grad / Junior,S1,Building Materials,N/A,N/A,092f7209-0b7a-4430-bd34-a3c4605ac454
Mechanical Engineering,Damai Indah Golf,Jakarta,2025-02-05,fullTime,Fresh Grad / Junior,S1,Hospitality,5500000,6500000,6eaf10b0-3ed3-4130-93d2-c909ee2e1e73
Senior QA Engineer,Sprout Digital Labs,Tangerang Selatan,2025-01-13,fullTime,Mid-Senior Level Manager,S1,Digital Services and Technology,N/A,N/A,dbebf5a1-adbe-4fdd-bd98-b5f904dff09a
DevOps Engineer,Sprint Asia,Jakarta,2025-01-14,fullTime,Fresh Grad / Junior,S1,IT Services And IT Consulting,N/A,N/A,956715f9-b781-4feb-9324-33a3dbe552b7
Engineering Mechanical & Electrical,Universitas Ciputra,Jakarta,2025-01-14,fullTime,Supervisor / Asisten Manager,S1,Perguruan Tinggi,N/A,N/A,fcab5085-c780-4035-9e2f-d91e74c6b780
Senior DevOps,PT. Amalura Multi Dimensi,Jakarta,2024-12-10,contract,Supervisor / Asisten Manager,S1,IT Services And IT Consulting,8000000,12000000,0884a5d5-6aac-4171-b289-0ca2bd571b39
IT Senior Programmer,Kiat Ananda Group,Bekasi,2025-01-23,fullTime,Supervisor / Asisten Manager,S1,"Transportation, Logistics, Supply Chain And Storage",N/A,N/A,c29f2e1d-2f50-42ca-abac-caba966bb326
ERP Consultant,Sunartha,Jakarta,2025-01-30,fullTime,Fresh Grad / Junior,S1,Konsultan,6000000,10000000,878ba92a-4a02-4899-b322-e5b03a863615
Programmer (penempatan Surabaya),Universitas Ciputra,Surabaya,2025-02-07,fullTime,Fresh Grad / Junior,S1,Perguruan Tinggi,N/A,N/A,63ff2170-8eb5-48af-ab19-0e4561cbb5bc
Full Stack Developer,"PT. Lippo Karawaci, Tbk",Tangerang,2024-12-02,fullTime,Fresh Grad / Junior,S1,Property & Real Estate,N/A,N/A,bc955f10-6d9b-4e3f-9fc4-c03207426fd1
Security Analyst,Akulaku Indonesia,Jakarta,2024-12-02,contract,Fresh Grad / Junior,S1,Financial Services,N/A,N/A,9db9b9b7-ced8-4a5a-89fe-199ed7830570
Senior Security Engineer,Reku,N/A,2025-01-14,fullTime,Mid-Senior Level Manager,S1,Financial Services,N/A,N/A,5da9218b-2d14-4606-844b-0bdb58a65360
Engineering (Maintenance/Utility) Supervisor,PT. Stanli Trijaya Mandiri,Bandung,2024-12-09,fullTime,Fresh Grad / Junior,S1,Food And Beverage Manufacturing,N/A,N/A,e32f7a9b-a0e1-4238-aab7-a4287a9729c5
Full Stack Developer,"PT. Lippo Karawaci, Tbk",Tangerang,2024-12-02,fullTime,Fresh Grad / Junior,S1,Property & Real Estate,N/A,N/A,fd8f9a31-ffa3-4da4-8774-d2537a3e6450
IT Internship - Jakata,PT Kalventis Sinergi Farma,Jakarta,2025-02-07,internship,Intern,SMA,Healthcare and Medical Services,N/A,N/A,38a13ee5-b770-40ad-9df5-a18356e65438
Hardware Engineer,JALA,Yogyakarta,2025-01-30,fullTime,Fresh Grad / Junior,S1,"Technology, Information, Internet",4000000,6000000,59ea6ba0-cddf-4935-8669-7fe10902ac24
IT Project Manager,PT. Mandiri International Technology,Jakarta,2024-12-06,contract,Fresh Grad / Junior,S1,IT Consulting & Services Company,8000000,15000000,539ab814-7722-43bc-a966-b2a31627f8be
Hardware Engineer,JALA,Yogyakarta,2025-01-30,fullTime,Fresh Grad / Junior,S1,"Technology, Information, Internet",4000000,6000000,ab2f48c3-daf5-4086-8b44-3fe42570bee1
QA Supply Chain Internship,Kalbe Nutritionals (PT Sanghiang Perkasa),Karawang,2025-01-20,internship,Intern,SMA,Food And Beverage Services,N/A,N/A,d99c0bf7-dd87-4a01-a8e0-dda39d8af46e
Network Gateway Antenna RF/IF,Pasifik Satelit Nusantara,Indonesia,2025-01-14,fullTime,Fresh Grad / Junior,S1,Telecomunication,N/A,N/A,9c784cf0-97dc-4ec9-8f3f-619aaa189ac9
Network Monitoring Center,Pasifik Satelit Nusantara,Cikarang,2025-01-02,fullTime,Fresh Grad / Junior,S1,Telecomunication,5000000,7000000,b4f9cb33-eb47-4166-893b-5ba7ce1b566b
Backend Developer,Reku,N/A,2025-01-07,fullTime,Fresh Grad / Junior,S1,Financial Services,N/A,N/A,449c84e7-eef8-4d1e-949f-36cc37950a3f
Senior Mobile Developer,Reku,N/A,2025-01-20,fullTime,Supervisor / Asisten Manager,S1,Financial Services,N/A,N/A,0e4f66db-3893-46c7-b4bf-8ef82883da4c
QA Testing Engineer,PT Astra Welab Digital Arta (Maucash),Jakarta,2025-01-20,fullTime,Fresh Grad / Junior,S1,Financial Services,N/A,N/A,ec5e65b1-eb48-4f10-b073-a7b84dc94e75
Technology Planning & Governance Internship,PT Astra Welab Digital Arta (Maucash),N/A,2025-02-10,internship,Intern,SMA,Financial Services,N/A,N/A,7d1305e8-f896-422f-9195-7fea9ca4a49e
Backend Developer,PT Astra Welab Digital Arta (Maucash),Jakarta,2025-01-20,fullTime,Fresh Grad / Junior,S1,Financial Services,N/A,N/A,2e1a84d6-b839-4c2f-befd-1ab01ec7b9af
Associate AI Engineer (Jogja),BitHealth,Yogyakarta,2025-02-07,fullTime,Fresh Grad / Junior,S1,Healthcare Technology,3500000,4000000,4fc865dc-a291-44ad-8078-ec935b8d79cc
Supervisor Quality Control,ICS Seafoods Industry,Banyuwangi,2025-01-21,fullTime,Fresh Grad / Junior,S1,Fisheries,N/A,N/A,c4853126-b3ab-43e6-bb9c-e8c47275444f
Senior Software Engineer,Durianpay,Jakarta,2024-12-20,fullTime,Supervisor / Asisten Manager,S1,Technology & Market Research,N/A,N/A,63310aca-36a6-42fe-82e1-6740fe701de1
Cloud Engineer (Microsoft),PT Multipolar Technology,Jakarta,2025-01-03,fullTime,Fresh Grad / Junior,S1,Information Technology,N/A,N/A,3dd6c9ba-d2f8-4b90-a8bf-3ee463df9192
Machine Learning Engineer,Jubelio,Jakarta,2025-02-03,fullTime,Supervisor / Asisten Manager,S1,Technology (Software Development),12000000,16000000,1f1a15c9-ffbd-4780-8769-31dcfc6d995d
Web Developer Internship,Kalbe Nutritionals (PT Sanghiang Perkasa),Karawang,2025-02-10,internship,Intern,SMA,Food And Beverage Services,N/A,N/A,8b301fd4-db0b-430b-9f52-8d8d2b2cc460
Paid Internship Civil - Quality & Customer Handling - Karawaci,"PT. Lippo Karawaci, Tbk",Tangerang,2025-01-24,internship,Intern,SMA,Property & Real Estate,N/A,N/A,d9f59399-35ee-44b6-9192-233cce31d22c
Network Operation Center - MAHAGA (PSN Group),Pasifik Satelit Nusantara,Jakarta,2025-01-21,fullTime,Fresh Grad / Junior,S1,Telecomunication,N/A,N/A,d760c96d-46a9-423c-9ded-153a64817039
Network Operation Center - MAHAGA (PSN Group),Pasifik Satelit Nusantara,Jakarta,2025-01-21,fullTime,Fresh Grad / Junior,S1,Telecomunication,N/A,N/A,6ae7679a-19fa-4c01-85fb-3acedf4e04c6
Machine Learning Intern,Kalbe Nutritionals (PT Sanghiang Perkasa),Karawang,2025-01-14,internship,Intern,SMA,Food And Beverage Services,N/A,N/A,11aed9d7-4813-4342-81fa-d02e46c26a61
Performance Test Engineer,PT. Mandiri International Technology,Jakarta,2024-12-05,contract,Fresh Grad / Junior,S1,IT Consulting & Services Company,N/A,N/A,5a403f4d-13fa-4996-8dc9-c59787d98a19
Service Desk Engineer (IT Support),Xapiens Teknologi Indonesia,Tangerang Selatan,2025-01-23,contract,Fresh Grad / Junior,S1,ICT Services,5000000,6500000,f3013ce1-7fc6-45f4-94ff-7fbd9760acae
Software Developer Intern,Bosnet Distribution Indonesia,Jakarta,2024-12-02,internship,Intern,SMA,"Technology, Information And Internet",2000000,3000000,f1f4dc5b-36af-4e60-b2ef-3df3ce56ca25
Senior Backend Engineer,PT. Inovasi Anak Indonesia - PARKEE,Jakarta,2025-01-18,contract,Supervisor / Asisten Manager,S1,technology services,N/A,N/A,f8afe8c9-6c0c-41a5-b4dc-54db343c4cb0
Software Engineer in Test,PT. Inovasi Anak Indonesia - PARKEE,Jakarta,2025-01-16,contract,Fresh Grad / Junior,S1,technology services,N/A,N/A,469a6ca9-1de9-4c04-9396-d1df39104fd7
Project Engineer,Triputra Visi Energi (TRIVE),Jakarta,2025-01-21,contract,Fresh Grad / Junior,S1,Oil And Gas,N/A,N/A,61e54a7f-b809-403e-8610-ba7b6e5a3837
Back End Developer,Bringin Inti Teknologi,Jakarta,2024-12-17,fullTime,Supervisor / Asisten Manager,S1,Technology and Software Solutions,N/A,N/A,ba5ccede-03a6-456b-a699-f7d09939b06e
Back End Developer,Bringin Inti Teknologi,Jakarta,2024-12-17,fullTime,Supervisor / Asisten Manager,S1,Technology and Software Solutions,N/A,N/A,0bf63cb2-8300-4112-a26e-a6303a029ac1
Sr. Quality Assurance (QA) Engineer,PT ITSEC Asia Tbk,Jakarta,2025-01-16,fullTime,Supervisor / Asisten Manager,S1,Information Technology & Services,N/A,N/A,a3820451-eee5-4db8-84ba-fb4f9d8b9670
Back-End Engineer,PT ITSEC Asia Tbk,Jakarta,2024-12-30,fullTime,Supervisor / Asisten Manager,S1,Information Technology & Services,N/A,N/A,f6fc8f02-f453-4c7e-a22e-4ffacdab985f
QA Engineer (Intern),Sprout Digital Labs,Tangerang Selatan,2025-01-13,fullTime,Fresh Grad / Junior,S1,Digital Services and Technology,N/A,N/A,6298737c-c2d5-4f88-9afb-36de1dd0be7c
Software Quality Assurance Automation,PT Mobilitas Digital Indonesia (MODA),Jakarta,2025-02-10,contract,Fresh Grad / Junior,S1,Truck Rental Services,N/A,N/A,21b74343-fcef-48a1-87f1-49ee863dc96a
IT Programmer,Sari Tirta Group,Jakarta,2025-02-01,contract,Fresh Grad / Junior,S1,Manufacture,6500000,15000000,02c9c251-aec5-438c-94ad-d23d16c97428
QA Engineer (Associate),Sprout Digital Labs,Tangerang Selatan,2025-01-13,fullTime,Supervisor / Asisten Manager,S1,Digital Services and Technology,N/A,N/A,63a0a2b3-84de-4e54-b2f7-1941061f69d5
QA Engineer (Intern),Sprout Digital Labs,Tangerang Selatan,2025-01-13,fullTime,Fresh Grad / Junior,S1,Digital Services and Technology,N/A,N/A,728baabb-41df-46b8-9a63-c66366eae8ca
Backend Developer (Golang),VCGamers,Bekasi,2024-12-13,fullTime,Fresh Grad / Junior,S1,ECommerce,7500000,12000000,538f035b-af0f-4554-98c9-5d5b817c4e31
Admin Project Pembangunan UC Jakarta,Universitas Ciputra,Jakarta,2025-01-14,fullTime,Fresh Grad / Junior,S1,Perguruan Tinggi,N/A,N/A,d18855c4-9069-4ce2-a5e2-1f623e22c08c
Quality Control In Process,PT. PASSION ABADI KORPORA,Tangerang Selatan,2025-01-20,contract,Fresh Grad / Junior,S1,Retail Luxury Goods And Jewelry,5000000,5800000,3e1bcd85-3117-4318-b6ce-09065e6542d0
Frontend Developer,PT. Inovasi Anak Indonesia - PARKEE,Jakarta,2025-01-03,contract,Fresh Grad / Junior,S1,technology services,N/A,N/A,ab6c7775-8514-40a1-ae26-910046b20aad
Technical Support Engineer,PT. Inovasi Anak Indonesia - PARKEE,Jakarta,2025-01-18,contract,Fresh Grad / Junior,S1,technology services,N/A,N/A,52bc9566-9ccd-412e-ae52-763c5cc997a4
Front-End Engineer,PT ITSEC Asia Tbk,Jakarta,2024-12-30,fullTime,Supervisor / Asisten Manager,S1,Information Technology & Services,N/A,N/A,63ecad2c-3bc8-43aa-89c3-2128290cb49c
Full Stack Developer,Bringin Inti Teknologi,Jakarta,2025-01-22,fullTime,Fresh Grad / Junior,S1,Technology and Software Solutions,N/A,N/A,43f9ad71-1094-4719-a14b-ec132111388e
Quality Assurance (QA) Tester,Selarastech,Jakarta,2025-02-05,fullTime,Fresh Grad / Junior,S1,IT Services And IT Consulting,5000000,7000000,baa1f302-1ff5-4e7a-9fe6-b93689df20b8
QA Lead,Sprout Digital Labs,Tangerang Selatan,2025-01-13,fullTime,Mid-Senior Level Manager,S1,Digital Services and Technology,N/A,N/A,055b1237-068d-4155-9373-f0ab34b0b359
Mobile Developer (Hybrid),Sprint Asia,Jakarta,2025-01-16,fullTime,Fresh Grad / Junior,S1,IT Services And IT Consulting,N/A,N/A,5afb6c89-7964-4b69-aaf8-f2f4329c6b02
IT Project Manager,Netpolitan,Tangerang,2025-01-15,fullTime,Supervisor / Asisten Manager,S1,"Education, Technology, Human Resource, Consulting",N/A,N/A,26e50f02-5c34-49fa-8de4-3e467c26aa92
Front End Developer,Papandayan Cargo,Jakarta,2025-01-17,fullTime,Fresh Grad / Junior,S1,Truck Transportation,N/A,N/A,0210e9d8-6d0e-459b-978a-a891c149eef4
Fullstack Engineering,Nanovest,Jakarta,2025-02-05,contract,Fresh Grad / Junior,S1,"Tech Company, Fintech",N/A,N/A,dd730eb6-4892-4a04-907e-4133e75b4fc8
Full Stack Developer,Castellum Digital Indonesia,Mataram,2025-01-10,fullTime,Fresh Grad / Junior,S1,Information Technology / IT,8000000,10000000,9cc1d53e-1ee5-4d30-8182-2da0bfcbf37b
Jr. DevOps,PT. Inovasi Anak Indonesia - PARKEE,Jakarta,2025-01-18,contract,Fresh Grad / Junior,S1,technology services,N/A,N/A,fefe0150-732b-4b89-b01a-7a0aa37047ea
Backend Engineer,PT. Inovasi Anak Indonesia - PARKEE,Jakarta,2025-01-18,contract,Fresh Grad / Junior,S1,technology services,N/A,N/A,c1e5b9de-9246-41e7-aaf9-45fe4f748145
Software Engineer - Terminal Application,PT. Inovasi Anak Indonesia - PARKEE,Jakarta,2024-12-30,contract,Fresh Grad / Junior,S1,technology services,N/A,N/A,59e0f62f-0df2-407c-81be-b666738afe76
Fullstack Developer,PT. Inovasi Anak Indonesia - PARKEE,Bali,2024-12-17,contract,Fresh Grad / Junior,S1,technology services,N/A,N/A,33e8ac05-10f6-433f-97ff-215cbbd675ba
Network Infrastructure Engineer,Sprint Asia,Jakarta,2024-12-30,fullTime,Fresh Grad / Junior,S1,IT Services And IT Consulting,N/A,N/A,c5288126-1c26-4615-a549-02d8d83f9293
Full Stack Engineer,Sprint Asia,Jakarta,2025-01-16,fullTime,Fresh Grad / Junior,S1,IT Services And IT Consulting,N/A,N/A,79c2e869-ca16-4783-b780-bba46e3284fa
Sr. Machine Learning Engineer,PT ITSEC Asia Tbk,Jakarta,2025-01-16,fullTime,Supervisor / Asisten Manager,S1,Information Technology & Services,N/A,N/A,968006d3-cb22-406a-9a5f-e27fd10e6ed9
Senior Mobile Developer,VENTENY INDONESIA,Jakarta,2024-12-18,fullTime,Supervisor / Asisten Manager,S1,Financial Services,N/A,N/A,ba3e47f8-9ed3-4c48-b628-c51c192ac65f
Electrical Engineer,Triputra Visi Energi (TRIVE),Jakarta,2025-01-06,fullTime,Fresh Grad / Junior,S1,Oil And Gas,N/A,N/A,0a01f6e9-ad52-43ab-bda4-ac3c07a76452
Senior Mobile Developer,VENTENY INDONESIA,Jakarta,2024-12-18,fullTime,Supervisor / Asisten Manager,S1,Financial Services,N/A,N/A,f57cfe0b-5570-45d9-8a4b-01e3c0937a5a
Backend Developer,United Creative,Jakarta,2025-01-29,contract,Fresh Grad / Junior,S1,Media Production,N/A,N/A,f29d0818-2dc6-410a-86b5-740a780616fe
Odoo Developer,JALA,Yogyakarta,2025-01-23,fullTime,Fresh Grad / Junior,S1,"Technology, Information, Internet",5000000,6000000,63c5cb8c-24b5-4bb3-a4f1-629fe599e5d2
ERP Functional Analyst,MODENA,Jakarta,2025-02-07,fullTime,Fresh Grad / Junior,S1,"Appliances, Electrical, And Electronics Manufacturing",N/A,N/A,1ab4d8cd-c947-4af3-9313-a50c0db24598
Business Process Automation Specialist,PT Mega Central Finance (MCF),Jakarta,2025-02-06,fullTime,Supervisor / Asisten Manager,S1,Financial Service,N/A,N/A,9562fd03-36e2-4e55-8708-6c70bb67939f
Senior Business Analyst,AlloFresh,Jakarta,2025-02-13,fullTime,Supervisor / Asisten Manager,S1,E-commerce and Online Retail,N/A,N/A,a3286b8d-5a47-4223-9487-6f7b9d7741fb
HS Code Specialist,Wilopo Cargo,Jakarta,2025-01-20,fullTime,Fresh Grad / Junior,S1,"Transportation, Logistics, Supply Chain And Storage",N/A,N/A,1319e7fa-c813-4533-9621-78829f391845
Product Manager Laboratory,PT Abadinusa Usahasemesta,Jakarta,2025-01-22,fullTime,Supervisor / Asisten Manager,S1,Hospitals And Health Care,N/A,N/A,b3e8f403-206f-4285-9ebd-65613dd226b5
Risk MIS & Modelling Internship,Adira Finance,Jakarta,2025-02-11,internship,Intern,SMA,Financial Services,N/A,N/A,25c4ebeb-bf64-4336-a62c-3663015881ba
Category Development Executive,Wings Group Indonesia (Sayap Mas Utama),Jakarta,2025-02-12,fullTime,Fresh Grad / Junior,S1,Consumer Goods,N/A,N/A,7551ee9c-b0d1-42c6-a590-1b4ee33cf6d3
Associate Product Manager - ERP,JALA,Yogyakarta,2025-02-13,fullTime,Fresh Grad / Junior,S1,"Technology, Information, Internet",4000000,5500000,864c7f3d-132f-4218-b88b-9d40730e647d
Product Development,ParagonCorp,Jakarta,2025-01-19,fullTime,Fresh Grad / Junior,S1,Consumer Goods,N/A,N/A,caf6ccba-008c-416a-8c59-b1118d736637
Inventory Analyst Manager,MR. DIY Indonesia,Jakarta,2025-01-10,fullTime,Mid-Senior Level Manager,S1,Retail and fashion,20000000,25000000,a60ed35f-56d1-4d7a-9f65-22314f607eab
Business Intelligence Developer Supervisor,PT Darya-Varia Laboratoria Tbk,Jakarta,2025-01-08,fullTime,Fresh Grad / Junior,S1,Manufacturing (Pharmaceutical),N/A,N/A,2b5d973a-6441-4eb1-b35f-c67448e80a64
Product Development,ParagonCorp,Jakarta,2025-01-19,fullTime,Fresh Grad / Junior,S1,Consumer Goods,N/A,N/A,6c2054c1-05f2-488f-a93e-2bc96beb2035
Product Development Intern,Adira Finance,Jakarta,2025-01-07,internship,Intern,SMA,Financial Services,N/A,N/A,9dd0939e-f2b0-43aa-acbb-50ac9b09a3c2
Business Data Analyst,MG Group,N/A,2025-02-04,contract,Supervisor / Asisten Manager,S1,Hospitality,N/A,N/A,d9ce14bb-cd81-4b63-8ca2-53d7fab3f876
Product Engineer,SuperAI (YC S22),Jakarta,2025-01-15,fullTime,Fresh Grad / Junior,S1,Machine Learning,8000000,10000000,1cce3257-0808-494d-aa23-954e74f3da53
Data Analyst - Head Office,PT.Enseval Putera Megatrading Tbk,Jakarta,2024-12-04,fullTime,Fresh Grad / Junior,S1,Pharmaceutical Manufacturing,N/A,N/A,7ed4aa7b-a9b7-4828-b956-03b46120c586
Product Manager,Ayoconnect,Jakarta,2025-02-10,fullTime,Fresh Grad / Junior,S1,Technology Services,N/A,N/A,eb6daace-a4ed-45ee-bd0f-a3d23f1d7ef0
Mapping Staff,MG Group,Jakarta,2025-02-04,contract,Fresh Grad / Junior,S1,Hospitality,N/A,N/A,de9f6f0b-0aa4-45a2-bf2a-cd98f2d48598
Data Engineer (AI & LLM Pipelines),PT Vidavox Inovasi Digital,Jakarta,2025-01-31,fullTime,Fresh Grad / Junior,S1,Teknologi,N/A,N/A,015ffdd1-6f51-490b-a533-a844c3b970c3
Database Administrator (DBA) – SQL Developer,SG-EDTS,Jakarta,2025-02-06,fullTime,Fresh Grad / Junior,S1,IT Services And IT Consulting,N/A,N/A,e8e66c85-34cd-4e71-9b05-75a383033bfa
Product Manager (Mandarin Speaker),PT Indonesia Fintopia Technology (Easycash),Jakarta,2025-01-08,fullTime,Fresh Grad / Junior,S1,"Tech Company, Fintech",N/A,N/A,6625919a-d874-4b92-a3b6-62a9d0e4284c
Partner Insight (Data Analyst),Jubelio,Jakarta,2025-02-12,fullTime,Fresh Grad / Junior,S1,Technology (Software Development),5500000,7500000,b72dc003-7684-47bf-8442-27bbd85a6ebd
Data Analyst / MIS (Collection),Akulaku Indonesia,Jakarta,2025-02-05,fullTime,Fresh Grad / Junior,S1,Financial Services,N/A,N/A,d707e768-d020-4eaf-bfd1-14e268dfd1ec
Senior Product Engineer (Fullstack),AlloFresh,Jakarta,2024-12-03,fullTime,Fresh Grad / Junior,S1,E-commerce and Online Retail,N/A,N/A,a0b02ae5-cc91-446c-8523-04ede7fa2212
Data Analyst Intern,AlloFresh,Jakarta,2025-02-10,internship,Intern,SMA,E-commerce and Online Retail,N/A,N/A,a84f465a-7826-43e4-8dc4-a23a2f209e43
Data Engineer,Infinid Indonesia,Jakarta,2025-01-15,fullTime,Fresh Grad / Junior,S1,Financial Services,N/A,N/A,bef896f8-b63b-4ff2-adaa-6a99e36750af
Membership Support,F&B Indonesia,Jakarta,2025-02-03,fullTime,Fresh Grad / Junior,S1,Food And Beverage Services,N/A,N/A,7ddcf9b0-1885-4df9-af6f-ea4edd2b461d
New Product Development,Tentang Anak,Jakarta,2025-02-07,fullTime,Fresh Grad / Junior,S1,Moms & Children Health,N/A,N/A,5778daaa-d624-4ebd-974c-563e3e35a571
Project Manager,Pensieve,Jakarta,2025-01-30,fullTime,Fresh Grad / Junior,S1,IT Services & IT Consulting,N/A,N/A,f1fa5673-3107-4f81-b8e3-45e3c7dee2d7
Product Engineer (Intern),SuperAI (YC S22),Jakarta,2025-01-15,internship,Intern,SMA,Machine Learning,3000000,5500000,30773202-d260-450b-8d2a-c8e41957297e
Product Operator Intern,LindungiHutan,N/A,2025-01-28,internship,Intern,SMA,Environmental Services,500000,1000000,9cbabbba-de1a-49f1-81cd-75ecfdf42994
Data Engineer Intern,AlloFresh,Jakarta,2025-02-10,internship,Intern,SMA,E-commerce and Online Retail,N/A,N/A,7b012a90-7616-4573-8f57-0ccc1a65458a
Data Scientist,JALA,Yogyakarta,2025-01-15,fullTime,Fresh Grad / Junior,S1,"Technology, Information, Internet",7000000,7500000,521905ef-02dd-45ce-9e0b-33bd1da524c3
Junior Market Research Manager,PT UNZA VITALIS (a business unit of Wipro Customer Care),Jakarta,2025-01-30,fullTime,Supervisor / Asisten Manager,S1,Consumer Goods,N/A,N/A,800b4638-8b4c-43dc-99fc-f16b811fc648
Product Manager,OY! Indonesia,Jakarta,2025-01-31,fullTime,Supervisor / Asisten Manager,S1,Financial Services,N/A,N/A,c2a63fb1-e16e-4fef-a86d-37802030a112
Junior Data Scientist,Akulaku Indonesia,Jakarta,2025-01-17,contract,Fresh Grad / Junior,S1,Financial Services,N/A,N/A,1e006c4b-e1ee-423e-a40f-5f5c380c06e3
Product Manager Intern,PT. Inovasi Anak Indonesia - PARKEE,Jakarta,2025-02-06,internship,Intern,SMA,technology services,N/A,N/A,e6d87d4a-172f-4030-a235-1b71f8625f3a
Associate Product Manager,Mitramas Infosys Global,Jakarta,2025-01-22,contract,Fresh Grad / Junior,S1,Information Technology / IT,5000000,6000000,d47eea54-0edf-4266-b042-5d76b40ecc72
Product Manager - Reksa Dana & Obligasi,Mondooli,Jakarta,2025-01-23,fullTime,Fresh Grad / Junior,S1,Banking & Finance,N/A,N/A,86fb24b3-110c-41c7-8a2c-a560325e5a76
Freelance Quality Surveyor,PT. PASSION ABADI KORPORA,Tangerang Selatan,2025-01-09,fullTime,Fresh Grad / Junior,S1,Retail Luxury Goods And Jewelry,N/A,N/A,c12d4feb-e127-4182-9e0d-66218ece3f04
Associate Product Manager,PT. Inovasi Anak Indonesia - PARKEE,Jakarta,2025-01-18,contract,Fresh Grad / Junior,S1,technology services,N/A,N/A,161e23b4-89a7-44b9-9364-42240de4198f
Data Analyst,Parlént World,Yogyakarta,2025-02-11,fullTime,Fresh Grad / Junior,S1,Retail Apparel And Fashion,N/A,N/A,023eed56-27a2-4e18-b1d1-2f19e6d05cab
Product Manager,PT Padepokan 79,Bandung,2025-02-11,contract,Fresh Grad / Junior,S1,IT Consultant,10000000,13000000,e7704e27-771d-4147-86d6-8aa81e8b8189
Market Research Analyst,CorrosaLab,N/A,2025-02-10,fullTime,Fresh Grad / Junior,S1,Digital Agency,5000000,6000000,30674e1d-634f-46ca-adfb-859eb95e1fa5
Production Manager - Activation,United Creative,Jakarta,2024-12-14,contract,Mid-Senior Level Manager,S1,Media Production,N/A,N/A,acc90a96-1894-4ee8-b9f7-1bc3c58a447d
Data Scientist,Bringin Inti Teknologi,Jakarta,2025-01-20,fullTime,Fresh Grad / Junior,S1,Technology and Software Solutions,N/A,N/A,29b22515-3e3b-41fc-83b8-424315a2f622
Junior Product Manager,Sprout Digital Labs,Tangerang Selatan,2025-02-06,fullTime,Fresh Grad / Junior,S1,Digital Services and Technology,N/A,N/A,43387237-acc1-4935-bb3e-b615afc1d55f
Business Process Improvement,Sari Tirta Group,Jakarta,2025-02-03,contract,Fresh Grad / Junior,S1,Manufacture,8000000,10000000,d62d9b2f-ab95-48aa-9e4e-37c67ab356dc
Data Analyst - Odoo Developer,PT Optima Technology Indonesia,Jakarta,2025-01-06,fullTime,Fresh Grad / Junior,S1,"Branding, Creative and Digital Agency Indonesia",6000000,10000000,9963ce08-63cc-4795-b771-72d2aaca39db
Data Analyst,UENA Food,Jakarta,2025-02-03,fullTime,Fresh Grad / Junior,S1,Food And Beverages,5390000,6500000,6c87625d-a8c3-451d-a441-c6a20b6df055
Data Analyst,VCGamers,Bekasi,2025-01-21,fullTime,Fresh Grad / Junior,S1,ECommerce,5500000,7000000,00141dd9-b354-44d1-a6a9-b16fa5c53240
Utility Engineer,PT Maju Bersama Gemilang,Kendal,2025-02-11,fullTime,Fresh Grad / Junior,S1,Manufacturing,N/A,N/A,24c6c4fc-2e1b-4ebd-a29e-63a498683e5c
Documentation & Certification Engineer,Frogs Indonesia,Yogyakarta,2025-02-06,fullTime,Fresh Grad / Junior,S1,Aviation and Aerospace,3000000,3500000,75134e4e-2af9-4b18-a7d5-cbd59c9af662
Electrical Field Engineer (Antenna RF/IF),Pasifik Satelit Nusantara,Indonesia,2025-02-13,fullTime,Fresh Grad / Junior,S1,Telecomunication,N/A,N/A,78ae45eb-450f-45c3-b59e-0c79d63effd3
Mechanical & Electrical Engineering (Chemical Industry),PT Dutagaruda Piranti Prima,Bekasi,2025-02-12,fullTime,Mid-Senior Level Manager,S1,Human Resources Services,N/A,N/A,c1c550ab-97fa-4c56-824f-5ba8d1b4feef
Desktop Engineer,PT Multipolar Technology,Tangerang,2025-02-12,fullTime,Fresh Grad / Junior,S1,Information Technology,N/A,N/A,d13b69c2-500a-40ff-b882-381b4a0f2660
IT System Analyst & Tester Unit,Asuransi Sinar Mas,Jakarta,2025-02-13,fullTime,Fresh Grad / Junior,S1,Insurance,7000000,8000000,4a80a7cc-2634-4be4-a4ad-f436f075a799
Software Laboratory Section Head - BINUS @ Medan,BINUS Group,Medan,2025-01-03,fullTime,Supervisor / Asisten Manager,S1,Education Administration Programs,N/A,N/A,79630d0e-704b-4618-9659-0455ed3e2054
Professional Services Coordinator,PT. Mandiri International Technology,Jakarta,2025-02-05,fullTime,Fresh Grad / Junior,S1,IT Consulting & Services Company,N/A,N/A,3d70b270-f76a-408f-ab28-de487dd0eb2a
Certification & Regulatory Specialist,MODENA,Jakarta,2025-02-10,fullTime,Fresh Grad / Junior,S1,"Appliances, Electrical, And Electronics Manufacturing",N/A,N/A,ab1f49b8-ea52-4c53-acf2-445b415e2f22
.Net Developer,Digital Tech Asia,Jakarta,2025-02-12,contract,Fresh Grad / Junior,S1,IT Consulting and Services,N/A,N/A,55b9cd16-ef0d-4b3f-8e7f-e1f8105e78a1
Radio Solution Engineer,Xapiens Teknologi Indonesia,Tangerang Selatan,2025-02-10,contract,Mid-Senior Level Manager,S1,ICT Services,N/A,N/A,a8d4733c-4605-4516-b33f-8bf9e86659f4
Desktop (.Net + Electron) + Web  (Laravel + Nuxt JS),Digital Tech Asia,Bandung,2025-02-05,contract,Supervisor / Asisten Manager,S1,IT Consulting and Services,N/A,N/A,017b12fb-2efa-438e-9d3a-50bd76656fa0
Teknisi AC Tangerang,Kharisma Potensia Indonesia,Tangerang,2025-01-31,contract,Other,S1,Human Resources and Consulting,4800000,4900000,0a2eb3ec-6651-4334-abdc-bc0bd20fed99
Mobile Apps Developer,Pasifik Satelit Nusantara,Jakarta,2025-02-13,fullTime,Fresh Grad / Junior,S1,Telecomunication,N/A,N/A,394bc306-8fe2-4ce6-84fa-b8bf24d64210
Fullstack Developer (Backend dan Frontend),Dexa Group,Tangerang Selatan,2024-12-10,fullTime,Fresh Grad / Junior,S1,Pharmaceutical,N/A,N/A,f1765388-9df4-4fb8-8cc2-c5e2a2f50629
Teknisi,Rotaryana Engineering,Jakarta,2025-02-12,contract,Fresh Grad / Junior,S1,Facilities Services,5100000,6000000,dc20fef5-6457-4da4-ae5a-ef247c997cec
Java Developer,PT. Mandiri International Technology,Jakarta,2025-02-04,contract,Fresh Grad / Junior,S1,IT Consulting & Services Company,7500000,11000000,d7c4aca5-2c73-44a3-bb0c-b91a3d63005c
Claim Surveyor (Motor),PT. Asuransi MSIG Indonesia,Jakarta,2025-02-10,fullTime,Fresh Grad / Junior,S1,Insurance,N/A,N/A,8981f1e2-3e58-43e6-a904-70be4429fc76
Daily Worker Engineering,PT Vidya Artha Tama,Jakarta,2025-01-20,fullTime,Fresh Grad / Junior,S1,Facilities Services,2000000,3000000,41ed18b5-795b-49c1-a46b-92a040c6a032
Technical Lead,SG-EDTS,Jakarta,2025-02-07,fullTime,Supervisor / Asisten Manager,S1,IT Services And IT Consulting,N/A,N/A,8ec27e5a-f02e-4a98-8658-2094163f9f5f
Software Quality Assurance Automation (QA Automation),ORDO Apps,Surabaya,2025-02-10,fullTime,Fresh Grad / Junior,S1,Software Development,5500000,5500001,008432ec-d982-49dd-b7a0-92829dde2d3b
Site Manager Pembangunan UC Jakarta,Universitas Ciputra,Jakarta,2025-01-14,fullTime,Supervisor / Asisten Manager,S1,Perguruan Tinggi,N/A,N/A,7be57d00-42ec-44ae-bfd0-870ecaf71759
Senior Scrum Master,Sprout Digital Labs,Tangerang,2025-01-09,fullTime,Mid-Senior Level Manager,S1,Digital Services and Technology,N/A,N/A,8fcbb33c-bbc4-424c-943e-05c19e02340d
Senior AI Engineer,Akar Inti Data,Jakarta,2025-01-24,fullTime,Supervisor / Asisten Manager,S1,Information Technology & Services,17000000,30000000,d6bde85d-d90b-4d3e-b20a-800ecea46c58
Programmer (Penempatan Makassar),Universitas Ciputra,Makassar,2025-01-24,fullTime,Supervisor / Asisten Manager,S1,Perguruan Tinggi,N/A,N/A,190ae69e-f6c1-4194-91a5-f6eea41d2604
Cloud Engineer (GCP),PT Multipolar Technology,Jakarta,2025-01-03,fullTime,Fresh Grad / Junior,S1,Information Technology,N/A,N/A,739954ac-3090-42ae-876b-c88d17b739c3
Sales Trainee Academy by Ruangguru - Karawang Tuparev,Ruangguru,Bekasi,2024-12-11,internship,Intern,SMA,Technology Education,N/A,N/A,eaab5bae-5b8a-447f-8d11-d44adff182ad
IT Quality Assurance Internship,PT Bank Digital BCA (BCA Digital),Jakarta,2025-02-12,internship,Intern,SMA,Banking,N/A,N/A,808562e4-da59-4305-897d-a2a62e736721
Security Engineer,Ayoconnect,Jakarta,2024-12-18,fullTime,Supervisor / Asisten Manager,S1,Technology Services,N/A,N/A,ae45de73-b20c-4113-9938-0b88ea58089b
Software Engineer (GoLang),Ayoconnect,Jakarta,2024-12-18,fullTime,Supervisor / Asisten Manager,S1,Technology Services,N/A,N/A,8d51aaf1-ffff-4827-a2a1-d7b0e53bf4d8
Technical Support Engineer,PT Multipolar Technology,Jakarta,2025-01-16,fullTime,Fresh Grad / Junior,S1,Information Technology,N/A,N/A,e94f7d60-c0cb-4a5e-86a4-668139cba1f6
Technical Support Engineer,PT Multipolar Technology,Jakarta,2025-01-16,fullTime,Fresh Grad / Junior,S1,Information Technology,N/A,N/A,84d105ee-e492-4cad-9944-d1128a1e93ab
IT Support Intern,Vidio,Jakarta,2025-01-21,internship,Intern,SMA,Media & Entertainment,N/A,N/A,fcc588e5-bfc6-4483-8bc7-301e5cf0dbc1
ERP Functional Support,PT United Family Food,Jakarta,2025-01-22,fullTime,Fresh Grad / Junior,S1,Fast Moving Consumer Good,N/A,N/A,96c2118f-8ead-4b74-a0aa-bc97dfaf7f82
Security Engineer,Ayoconnect,Jakarta,2024-12-18,fullTime,Supervisor / Asisten Manager,S1,Technology Services,N/A,N/A,9d42b0e7-fdc8-4178-89bb-b9f17800004e
SAP FICO Placement in Nigeria,Wings Group Indonesia (Sayap Mas Utama),Jakarta,2024-12-05,fullTime,Fresh Grad / Junior,S1,Consumer Goods,N/A,N/A,390b9b84-4b2b-44bb-9052-912083f3c68f
Production Technician,Wings Group Indonesia (Sayap Mas Utama),Jakarta,2025-01-15,fullTime,Fresh Grad / Junior,S1,Consumer Goods,N/A,N/A,5e845986-0680-42dd-88a0-d74d051f86b9
Scrum Master,PT Bank Digital BCA (BCA Digital),Jakarta,2025-01-31,fullTime,Fresh Grad / Junior,S1,Banking,N/A,N/A,79a8f687-7d1b-4fad-8703-274a35e69679
Business System Intern,PT Darya-Varia Laboratoria Tbk,Jakarta,2025-02-07,internship,Intern,SMA,Manufacturing (Pharmaceutical),N/A,N/A,ec1ad60c-1c40-429f-90f4-2bcab78bafd8
Full Stack Developer,PT Darya-Varia Laboratoria Tbk,Jakarta,2024-12-16,fullTime,Other,S1,Manufacturing (Pharmaceutical),N/A,N/A,9e4645dc-4c08-450e-b5cb-e830db40f2c5
Learning Technology Analyst,BINUS Group,Jakarta,2025-01-03,fullTime,Supervisor / Asisten Manager,S1,Education Administration Programs,N/A,N/A,010bbb12-767c-44b7-829e-dcf880ecb2f6
Oracle Functional Consultant,PT Metrodata Electronics Tbk.,Jakarta,2025-01-03,fullTime,Fresh Grad / Junior,S1,Information Tecnology,N/A,N/A,6872f05a-2d25-4093-8362-b65a7420bc13
Freelance Backend Engineer,ASTRO,N/A,2025-01-09,freelance,Fresh Grad / Junior,SMA,Online Groceries,N/A,N/A,3ef8c043-9c78-4444-b45f-c8b7b8a7fecd
Architecture Owner Intern,Adira Finance,Jakarta,2025-01-14,internship,Intern,SMA,Financial Services,N/A,N/A,8dc35148-f36d-429b-9f3e-103931cdc71e
IT QC Business Solution Intern,Adira Finance,Jakarta,2024-12-18,internship,Intern,SMA,Financial Services,N/A,N/A,7fd85516-96f0-47aa-a9fc-bca8aae9d6ae
ESMS Specialist,JALA,Yogyakarta,2025-01-10,fullTime,Supervisor / Asisten Manager,S1,"Technology, Information, Internet",7000000,9000000,7029ff50-d24d-42e6-a571-ff2c4b3ca6e0
IoT Engineer,Xapiens Teknologi Indonesia,Tangerang Selatan,2025-02-10,contract,Fresh Grad / Junior,S1,ICT Services,8500000,12000000,4271a84b-f886-4d65-915f-69611b330856
Full Stack Engineer,MG Group,N/A,2025-01-31,contract,Mid-Senior Level Manager,S1,Hospitality,N/A,N/A,7c128b5e-3fec-4a87-9b58-f4087f91a3ec
Network Engineer,PT Multipolar Technology,Jakarta,2025-01-15,fullTime,Fresh Grad / Junior,S1,Information Technology,N/A,N/A,9cfa7c07-2545-40b9-8015-3875eb6f3553
Software Engineer Intern,SIRCLO,N/A,2024-12-05,internship,Intern,SMA,Technology Services,N/A,N/A,d839d22f-d207-4a7d-b9d4-30c761bb06dc
Digital IT Intern,Sinar Mas Agribusiness and Food,Jakarta,2024-12-23,internship,Intern,SMA,Food & Beverage,N/A,N/A,0b86641b-a6e9-432c-88be-b935bb800fa8
Business Process & Standardization Intern,Astra Financial,Jakarta,2024-12-17,internship,Intern,SMA,Financial Services,N/A,N/A,95cfaad4-f4b0-4170-bf34-c74c5461b656
Supervisor Development Program Business Operation (SDP BO),PT. Bintang Toedjoe,Cikarang,2025-01-08,fullTime,Fresh Grad / Junior,S1,Fast Moving Consumer Good,N/A,N/A,dc1072cd-60fa-44f8-b2e8-80b8e3ca60bf
SAP Business One Technical Consultant,PT Metrodata Electronics Tbk.,Jakarta,2025-02-05,fullTime,Other,S1,Information Tecnology,N/A,N/A,5896343b-3cec-4c4d-9e8f-52809169a619
IT Infrastructure & Operation Assistant Manager, AEON INDONESIA PT,Tangerang Selatan,2024-12-12,fullTime,Fresh Grad / Junior,S1,Retail,N/A,N/A,563c8e3c-0279-4cfa-8995-a86d7435afba
Senior Technical Writer,OpenWay,Tangerang Selatan,2025-01-20,fullTime,Supervisor / Asisten Manager,S1,Software Development,N/A,N/A,ed18b462-2e14-42f4-9293-3dcb671b3516
Building & Project Management Analyst,PT TOYOTA ASTRA FINANCIAL SERVICES,Jakarta,2025-01-07,fullTime,Fresh Grad / Junior,S1,Financial Services,N/A,N/A,48a12897-9650-41c6-95ed-3c85b079cb46
SAP Business One Technical Consultant,PT Metrodata Electronics Tbk.,Jakarta,2025-02-05,fullTime,Other,S1,Information Tecnology,N/A,N/A,3e37a40a-fd1d-4292-8c86-67db59a0a9ae
Programming Intern,PT. CS2 POLA SEHAT,Bogor,2025-02-03,internship,Intern,SMA,Multinational Consulting / FMCG,N/A,N/A,f5d503bb-4830-4e4c-ac39-24cdefbb3f01
Electric Technician Officer,Arya Noble,Jakarta,2025-01-13,fullTime,Fresh Grad / Junior,S1,Consumer Services,N/A,N/A,c0a22f89-a921-4de0-ad28-bd807a6751ba
End User Support Officer,Arya Noble,Jakarta,2024-12-27,contract,Fresh Grad / Junior,S1,Consumer Services,N/A,N/A,b246ed63-e1a5-4f52-9345-f1efa92ea018
Electric Technician Staff (Cikarang),Arya Noble,Cikarang,2025-01-30,fullTime,Fresh Grad / Junior,S1,Consumer Services,N/A,N/A,73cc3ee9-08da-48c6-ad53-55103f9087ee
ERP Software Engineer,Formulatrix Indonesia,Salatiga,2025-01-22,fullTime,Fresh Grad / Junior,S1,Biotechnology,N/A,N/A,404da723-4f2d-47c9-9212-d3597914f4e3
Senior Software Engineer (Java Spring Boot),Geek Hunter,Tangerang,2025-01-23,fullTime,Mid-Senior Level Manager,S1,Headhunter,20000000,27000000,23ef7adf-b7ac-4006-8eff-fe8c53ff712b
Technical Support,MODENA,Jakarta,2025-01-20,fullTime,Supervisor / Asisten Manager,S1,"Appliances, Electrical, And Electronics Manufacturing",N/A,N/A,b3f8ab3a-299c-4f2a-849a-6990214bc639
SAP Functional Consultant (MM/HR/SD),Wings Group Indonesia (Sayap Mas Utama),Jakarta,2024-12-23,fullTime,Fresh Grad / Junior,S1,Consumer Goods,N/A,N/A,9cca6711-cb55-49c2-abfd-f8ed09b5aed0
DevSecOps Engineer,PT Astra Welab Digital Arta (Maucash),Jakarta,2025-01-20,fullTime,Fresh Grad / Junior,S1,Financial Services,N/A,N/A,5554ef16-5675-4b75-8dd0-b89d69a1dfd5
Robotic Process Automation Engineer (Contract Based),ParagonCorp,Jakarta,2024-12-03,fullTime,Fresh Grad / Junior,S1,Consumer Goods,N/A,N/A,5fa00b60-7599-4fc6-ad91-4378d677d47c
Full Stack Engineer (Contract Based),ParagonCorp,Jakarta,2024-12-09,fullTime,Fresh Grad / Junior,S1,Consumer Goods,N/A,N/A,d56dcee5-5b00-4506-ae1b-e5bdb5597a40
Lead QA Automation Engineer,OpenWay,Tangerang Selatan,2025-01-21,fullTime,Fresh Grad / Junior,S1,Software Development,N/A,N/A,af09081c-40b4-4102-be7b-91253fb59c73
Robotic Process Automation Engineer (Contract Based),ParagonCorp,Jakarta,2024-12-03,fullTime,Fresh Grad / Junior,S1,Consumer Goods,N/A,N/A,37b9821f-aac6-480a-ab00-48a6ca1f43c2
Full Stack Engineer (Contract Based),ParagonCorp,Jakarta,2024-12-09,fullTime,Fresh Grad / Junior,S1,Consumer Goods,N/A,N/A,6fc93032-fd28-4b85-a03d-9452ed4ef214
Associate Project Manager (Contract Based),ParagonCorp,Jakarta,2025-01-07,contract,Fresh Grad / Junior,S1,Consumer Goods,N/A,N/A,e4855d03-1a57-458e-bfa2-3bd342a86200
IT Security,PT Astra Welab Digital Arta (Maucash),Jakarta,2025-01-20,fullTime,Supervisor / Asisten Manager,S1,Financial Services,N/A,N/A,e6a46564-ed01-4de5-9186-1a763dacddf7
Front End Developer,UniPin,Tangerang,2025-02-03,fullTime,Fresh Grad / Junior,S1,Information Tecnology,N/A,N/A,764d1b8d-15c2-439f-9535-a7f13a341e73
Lead QA Automation Engineer,OpenWay,Tangerang Selatan,2025-01-21,fullTime,Fresh Grad / Junior,S1,Software Development,N/A,N/A,618df6aa-5160-4882-a75b-93586d0ccf86
Flutter Developer Intern,PT.Enseval Putera Megatrading Tbk,Jakarta,2025-01-07,internship,Intern,SMA,Pharmaceutical Manufacturing,3500000,3600000,01cd2857-a0ca-4126-b9a1-392f22ea74fc
Farm Technical Operations Manager,JALA,Yogyakarta,2024-12-09,fullTime,Supervisor / Asisten Manager,S1,"Technology, Information, Internet",10000000,15000000,d6172824-26e6-458a-83e9-425b96203291
"Site Inspector CSSF Project (Lalombi, Sulawesi Tengah)",JALA,Donggala,2025-01-13,fullTime,Fresh Grad / Junior,S1,"Technology, Information, Internet",5000000,6000000,0e0eafc6-e429-41ee-96fe-61e7e9e30e37
Farm Technical Operations Manager,JALA,Yogyakarta,2024-12-09,fullTime,Supervisor / Asisten Manager,S1,"Technology, Information, Internet",10000000,15000000,c69c991d-d14e-4166-8e1f-e33a3638d6cb
"Site Inspector CSSF Project (Lalombi, Sulawesi Tengah)",JALA,Donggala,2025-01-13,fullTime,Fresh Grad / Junior,S1,"Technology, Information, Internet",5000000,6000000,2c7aa310-af31-465d-a876-eec49b3b7328
GA IT Intern,JALA,Yogyakarta,2025-02-03,internship,Intern,SMA,"Technology, Information, Internet",1200000,1250000,cb669647-24e7-4ee9-8dbf-f9c8dd39fc33
Electric Technician Staff (Depok),Arya Noble,Jakarta,2025-01-20,fullTime,Fresh Grad / Junior,S1,Consumer Services,N/A,N/A,27647e70-6435-487c-b527-1f388810432c
DevOps Engineer,SG-EDTS,Jakarta,2025-01-23,contract,Supervisor / Asisten Manager,S1,IT Services And IT Consulting,N/A,N/A,717e80c1-7c28-4f8b-8c9f-e980f3e0e05a
DevOps Engineer,SG-EDTS,Jakarta,2025-01-23,contract,Supervisor / Asisten Manager,S1,IT Services And IT Consulting,N/A,N/A,49ba2d69-07ed-49b2-8876-526e51afcda6
"Web Developer (Nuxt, Java Springboot)",Digital Tech Asia,Bandung,2025-02-05,contract,Fresh Grad / Junior,S1,IT Consulting and Services,N/A,N/A,41d2ebcd-ceb2-4332-a969-883452dc9844
Batching Plant Operator (BPO),BRIK,Jakarta,2025-01-09,contract,Fresh Grad / Junior,S1,Building Materials,N/A,N/A,b0eec781-bc96-47d6-bac1-b51c39ac8d32
Mechanical Engineering,Damai Indah Golf,Jakarta,2025-02-05,fullTime,Fresh Grad / Junior,S1,Hospitality,5500000,6500000,bea46a71-1185-4fb1-bb02-3e80634fa8a1
Senior QA Engineer,Sprout Digital Labs,Tangerang Selatan,2025-01-13,fullTime,Mid-Senior Level Manager,S1,Digital Services and Technology,N/A,N/A,e91916d4-3a7f-4cbc-b51f-6eea04674df2
DevOps Engineer,Sprint Asia,Jakarta,2025-01-14,fullTime,Fresh Grad / Junior,S1,IT Services And IT Consulting,N/A,N/A,b02ce725-9229-4652-8ef5-862e46b2d6c8
Engineering Mechanical & Electrical,Universitas Ciputra,Jakarta,2025-01-14,fullTime,Supervisor / Asisten Manager,S1,Perguruan Tinggi,N/A,N/A,b7870309-05dd-4627-96f2-7ff2abc2408c
Senior DevOps,PT. Amalura Multi Dimensi,Jakarta,2024-12-10,contract,Supervisor / Asisten Manager,S1,IT Services And IT Consulting,8000000,12000000,e810d98c-e679-47ed-aee8-9762059ebaac
IT Senior Programmer,Kiat Ananda Group,Bekasi,2025-01-23,fullTime,Supervisor / Asisten Manager,S1,"Transportation, Logistics, Supply Chain And Storage",N/A,N/A,7b4b5ac6-bab9-4c20-83f6-eba0ceb9cbab
ERP Consultant,Sunartha,Jakarta,2025-01-30,fullTime,Fresh Grad / Junior,S1,Konsultan,6000000,10000000,0b3cc6d7-b6c9-4e7d-9a94-8c1d55676de3
Programmer (penempatan Surabaya),Universitas Ciputra,Surabaya,2025-02-07,fullTime,Fresh Grad / Junior,S1,Perguruan Tinggi,N/A,N/A,f52f4e46-dc72-47ab-a30e-7c2aec13703d
Security Analyst,Akulaku Indonesia,Jakarta,2024-12-02,contract,Fresh Grad / Junior,S1,Financial Services,N/A,N/A,435fcfe3-172b-4ccd-a20b-c871877a68ac
Senior Security Engineer,Reku,N/A,2025-01-14,fullTime,Mid-Senior Level Manager,S1,Financial Services,N/A,N/A,d08b49bf-f54b-46d8-8225-062c01e0936d
Engineering (Maintenance/Utility) Supervisor,PT. Stanli Trijaya Mandiri,Bandung,2024-12-09,fullTime,Fresh Grad / Junior,S1,Food And Beverage Manufacturing,N/A,N/A,87ca8d99-4580-4f60-a33a-bec86c27e3e3
Full Stack Developer,"PT. Lippo Karawaci, Tbk",Tangerang,2024-12-02,fullTime,Fresh Grad / Junior,S1,Property & Real Estate,N/A,N/A,06bf78af-99d5-4b87-a254-340b9adb3946
IT Internship - Jakata,PT Kalventis Sinergi Farma,Jakarta,2025-02-07,internship,Intern,SMA,Healthcare and Medical Services,N/A,N/A,458601ac-f639-491a-a44a-a77dc21fa896
Hardware Engineer,JALA,Yogyakarta,2025-01-30,fullTime,Fresh Grad / Junior,S1,"Technology, Information, Internet",4000000,6000000,be65bb34-93ec-405a-b4d1-68172e536af4
IT Project Manager,PT. Mandiri International Technology,Jakarta,2024-12-06,contract,Fresh Grad / Junior,S1,IT Consulting & Services Company,8000000,15000000,25642956-e33b-4a21-9a0d-31aa665b0188
Hardware Engineer,JALA,Yogyakarta,2025-01-30,fullTime,Fresh Grad / Junior,S1,"Technology, Information, Internet",4000000,6000000,08fc6a2f-e406-4f81-8fe7-8db28b72cd90
QA Supply Chain Internship,Kalbe Nutritionals (PT Sanghiang Perkasa),Karawang,2025-01-20,internship,Intern,SMA,Food And Beverage Services,N/A,N/A,d2169937-43c1-4674-a322-76bef20c13d6
Network Gateway Antenna RF/IF,Pasifik Satelit Nusantara,Indonesia,2025-01-14,fullTime,Fresh Grad / Junior,S1,Telecomunication,N/A,N/A,31516b14-d01c-4e23-903c-f524bf36fb5b
Network Monitoring Center,Pasifik Satelit Nusantara,Cikarang,2025-01-02,fullTime,Fresh Grad / Junior,S1,Telecomunication,5000000,7000000,448e76ee-10e3-4d9f-bbb9-480532179c78
Backend Developer,Reku,N/A,2025-01-07,fullTime,Fresh Grad / Junior,S1,Financial Services,N/A,N/A,841f9e74-293f-4531-9292-6f42f10e60fe
Senior Mobile Developer,Reku,N/A,2025-01-20,fullTime,Supervisor / Asisten Manager,S1,Financial Services,N/A,N/A,c33a289b-d5ed-4c90-a086-db954be60916
Technology Planning & Governance Internship,PT Astra Welab Digital Arta (Maucash),N/A,2025-02-10,internship,Intern,SMA,Financial Services,N/A,N/A,65f7eba0-2581-4408-ad32-e9cceb01f045
Backend Developer,PT Astra Welab Digital Arta (Maucash),Jakarta,2025-01-20,fullTime,Fresh Grad / Junior,S1,Financial Services,N/A,N/A,74813b4c-0ca1-4b1c-8338-20e086def3c7
QA Testing Engineer,PT Astra Welab Digital Arta (Maucash),Jakarta,2025-01-20,fullTime,Fresh Grad / Junior,S1,Financial Services,N/A,N/A,cbe77a67-67f0-4331-bbc9-c37c41caff58
Technology Planning & Governance Internship,PT Astra Welab Digital Arta (Maucash),N/A,2025-02-10,internship,Intern,SMA,Financial Services,N/A,N/A,078c02d5-dcc2-4ea0-a977-a8f24e91b859
Backend Developer,PT Astra Welab Digital Arta (Maucash),Jakarta,2025-01-20,fullTime,Fresh Grad / Junior,S1,Financial Services,N/A,N/A,91fefe33-da72-4eeb-a239-3926be1187f5
Associate AI Engineer (Jogja),BitHealth,Yogyakarta,2025-02-07,fullTime,Fresh Grad / Junior,S1,Healthcare Technology,3500000,4000000,6c4b34a9-a955-45cc-9dfc-0fceaa546311
Supervisor Quality Control,ICS Seafoods Industry,Banyuwangi,2025-01-21,fullTime,Fresh Grad / Junior,S1,Fisheries,N/A,N/A,e850be10-d5d6-41c3-887a-c888826ecf08
Senior Software Engineer,Durianpay,Jakarta,2024-12-20,fullTime,Supervisor / Asisten Manager,S1,Technology & Market Research,N/A,N/A,01d1a57a-c8e8-47a1-8cda-6f24ff4fdbe9
Cloud Engineer (Microsoft),PT Multipolar Technology,Jakarta,2025-01-03,fullTime,Fresh Grad / Junior,S1,Information Technology,N/A,N/A,030ea4c6-f4d4-41da-b58d-7c2afd04b176
Cloud Engineer (Microsoft),PT Multipolar Technology,Jakarta,2025-01-03,fullTime,Fresh Grad / Junior,S1,Information Technology,N/A,N/A,b3655dc5-c67c-41f4-8893-c9be647a4913
Machine Learning Engineer,Jubelio,Jakarta,2025-02-03,fullTime,Supervisor / Asisten Manager,S1,Technology (Software Development),12000000,16000000,0bd2ca5e-30d9-48cd-891e-75ec301fa191
Paid Internship Civil - Quality & Customer Handling - Karawaci,"PT. Lippo Karawaci, Tbk",Tangerang,2025-01-24,internship,Intern,SMA,Property & Real Estate,N/A,N/A,690dc26f-c57a-43b2-8f0b-9c1732e73aa3
Web Developer Internship,Kalbe Nutritionals (PT Sanghiang Perkasa),Karawang,2025-02-10,internship,Intern,SMA,Food And Beverage Services,N/A,N/A,3cad41dd-1297-4202-95ce-1c08351798b4
Network Operation Center - MAHAGA (PSN Group),Pasifik Satelit Nusantara,Jakarta,2025-01-21,fullTime,Fresh Grad / Junior,S1,Telecomunication,N/A,N/A,bb5556a4-5a24-4dda-baa6-cb83df158102
Machine Learning Intern,Kalbe Nutritionals (PT Sanghiang Perkasa),Karawang,2025-01-14,internship,Intern,SMA,Food And Beverage Services,N/A,N/A,76e947dc-8fbc-4ba2-b39a-d39352fd7191
Full-Stack Developer,Kobi Education,N/A,2025-01-07,fullTime,Fresh Grad / Junior,S1,Education,4,5,ccbcda1e-ad0e-47bf-9fdc-f7dda3ef95f9
Service Desk Engineer (IT Support),Xapiens Teknologi Indonesia,Tangerang Selatan,2025-01-23,contract,Fresh Grad / Junior,S1,ICT Services,5000000,6500000,954ca451-968e-49a1-bb04-41288010b860
Performance Test Engineer,PT. Mandiri International Technology,Jakarta,2024-12-05,contract,Fresh Grad / Junior,S1,IT Consulting & Services Company,N/A,N/A,d3595d87-7ef5-4454-836c-6e28cfbfff33
Software Developer Intern,Bosnet Distribution Indonesia,Jakarta,2024-12-02,internship,Intern,SMA,"Technology, Information And Internet",2000000,3000000,175ee18c-072b-4460-b19c-1d4c5efd641d
Senior Backend Engineer,PT. Inovasi Anak Indonesia - PARKEE,Jakarta,2025-01-18,contract,Supervisor / Asisten Manager,S1,technology services,N/A,N/A,b506d75a-bdab-49c0-b5cf-0f177b59ceaf
Software Engineer in Test,PT. Inovasi Anak Indonesia - PARKEE,Jakarta,2025-01-16,contract,Fresh Grad / Junior,S1,technology services,N/A,N/A,4d4c9f92-6b32-4cac-b9c0-eea51e4b731f
Project Engineer,Triputra Visi Energi (TRIVE),Jakarta,2025-01-21,contract,Fresh Grad / Junior,S1,Oil And Gas,N/A,N/A,f196b595-17b1-4db9-bbf0-492a5fd6b33d
Back End Developer,Bringin Inti Teknologi,Jakarta,2024-12-17,fullTime,Supervisor / Asisten Manager,S1,Technology and Software Solutions,N/A,N/A,d6a7239d-1daa-4f1a-8586-7cec92df132e
QA Engineer (Associate),Sprout Digital Labs,Tangerang Selatan,2025-01-13,fullTime,Supervisor / Asisten Manager,S1,Digital Services and Technology,N/A,N/A,5feef20d-fa9b-45b8-a65e-3a96342dbe22
QA Engineer (Associate),Sprout Digital Labs,Tangerang Selatan,2025-01-13,fullTime,Supervisor / Asisten Manager,S1,Digital Services and Technology,N/A,N/A,4ce8f6ca-d876-4b20-a943-eb0cd0fb5542
QA Engineer (Intern),Sprout Digital Labs,Tangerang Selatan,2025-01-13,fullTime,Fresh Grad / Junior,S1,Digital Services and Technology,N/A,N/A,2b2869da-8fc7-427d-ae16-77b7d51c945d
Project Engineer,Triputra Visi Energi (TRIVE),Jakarta,2025-01-21,contract,Fresh Grad / Junior,S1,Oil And Gas,N/A,N/A,b6090548-f50b-4a60-951d-01e6d7cb018e
Sound Engineer/Sound Man,Tim Jess No Limit & Sisca Kohl,Jakarta,2025-01-27,fullTime,Fresh Grad / Junior,S1,Advertising and Media,N/A,N/A,f9a0817b-43ff-4aab-b42f-d834614fbd21
Backend Developer (Golang),VCGamers,Bekasi,2024-12-13,fullTime,Fresh Grad / Junior,S1,ECommerce,7500000,12000000,950e10f4-cf36-4c2e-bce2-bbb64dd2791d
Backend Developer (Golang),VCGamers,Bekasi,2024-12-13,fullTime,Fresh Grad / Junior,S1,ECommerce,7500000,12000000,fc7c5764-ab05-4d7e-9777-6dbd60603a42
Quality Control In Process,PT. PASSION ABADI KORPORA,Tangerang Selatan,2025-01-20,contract,Fresh Grad / Junior,S1,Retail Luxury Goods And Jewelry,5000000,5800000,a621b246-9fc0-47d3-8a87-2f5de6288c46
Front End Developer,Bringin Inti Teknologi,Jakarta,2024-12-17,fullTime,Fresh Grad / Junior,S1,Technology and Software Solutions,N/A,N/A,6e6d60ef-8abe-4765-baf9-65ba6d61251f
Quality Assurance (QA) Tester,Selarastech,Jakarta,2025-02-05,fullTime,Fresh Grad / Junior,S1,IT Services And IT Consulting,5000000,7000000,75a8b95a-7861-4679-95ef-faded7d55e26
Front-End Engineer,PT ITSEC Asia Tbk,Jakarta,2024-12-30,fullTime,Supervisor / Asisten Manager,S1,Information Technology & Services,N/A,N/A,05a57a86-4807-4c7f-9137-352941bd7d6f
Frontend Developer,PT. Inovasi Anak Indonesia - PARKEE,Jakarta,2025-01-03,contract,Fresh Grad / Junior,S1,technology services,N/A,N/A,8269ce7e-ac20-4fbc-b260-885a71b26164
Technical Support Engineer,PT. Inovasi Anak Indonesia - PARKEE,Jakarta,2025-01-18,contract,Fresh Grad / Junior,S1,technology services,N/A,N/A,a0774954-9e70-474b-8de1-0f59f5c58216
Front End Developer,Ayovest,Jakarta,2024-12-18,fullTime,Fresh Grad / Junior,S1,"Finance Technology,",N/A,N/A,86e139f6-c075-456d-8579-2f40461c7431
QA Lead,Sprout Digital Labs,Tangerang Selatan,2025-01-13,fullTime,Mid-Senior Level Manager,S1,Digital Services and Technology,N/A,N/A,5b8f909e-02d5-4dc2-82a8-182669d180ae
Quality Assurance (QA) Tester,Selarastech,Jakarta,2025-02-05,fullTime,Fresh Grad / Junior,S1,IT Services And IT Consulting,5000000,7000000,cc5e2c6b-882d-4705-bdb7-eb4ea78782e6
Front End Developer,Bringin Inti Teknologi,Jakarta,2024-12-17,fullTime,Fresh Grad / Junior,S1,Technology and Software Solutions,N/A,N/A,8fcfb264-f030-471a-857d-2636423e10a6
Mobile Developer (Hybrid),Sprint Asia,Jakarta,2025-01-16,fullTime,Fresh Grad / Junior,S1,IT Services And IT Consulting,N/A,N/A,4e43a637-f7d5-4273-b7d4-686b76b2983f
IT Project Manager,Netpolitan,Tangerang,2025-01-15,fullTime,Supervisor / Asisten Manager,S1,"Education, Technology, Human Resource, Consulting",N/A,N/A,096dee66-5558-4f8c-9c5c-db49406566c0
Front End Developer,Papandayan Cargo,Jakarta,2025-01-17,fullTime,Fresh Grad / Junior,S1,Truck Transportation,N/A,N/A,ebaa6613-447f-4e24-869c-8e7646a847b3
Fullstack Engineering,Nanovest,Jakarta,2025-02-05,contract,Fresh Grad / Junior,S1,"Tech Company, Fintech",N/A,N/A,ec331ede-896a-4c70-9369-c205ce0f3f5f
Full Stack Developer,Castellum Digital Indonesia,Mataram,2025-01-10,fullTime,Fresh Grad / Junior,S1,Information Technology / IT,8000000,10000000,b7fb0555-d18f-40aa-a8b3-0575ae2bb458
Jr. DevOps,PT. Inovasi Anak Indonesia - PARKEE,Jakarta,2025-01-18,contract,Fresh Grad / Junior,S1,technology services,N/A,N/A,325ad7b5-1ae0-4344-a8c9-d48d3982cf78
Backend Engineer,PT. Inovasi Anak Indonesia - PARKEE,Jakarta,2025-01-18,contract,Fresh Grad / Junior,S1,technology services,N/A,N/A,a367bd3d-dba5-45cc-8155-313310f65e89
Software Engineer - Terminal Application,PT. Inovasi Anak Indonesia - PARKEE,Jakarta,2024-12-30,contract,Fresh Grad / Junior,S1,technology services,N/A,N/A,e5d135c9-b15f-4ad9-82e1-c577a26a9018
Fullstack Developer,PT. Inovasi Anak Indonesia - PARKEE,Bali,2024-12-17,contract,Fresh Grad / Junior,S1,technology services,N/A,N/A,96d7c2a5-bf9f-4017-b38f-27a274242db6
Network Infrastructure Engineer,Sprint Asia,Jakarta,2024-12-30,fullTime,Fresh Grad / Junior,S1,IT Services And IT Consulting,N/A,N/A,477c27f1-5ec9-4e65-ae5d-ec97275d66f9
Full Stack Engineer,Sprint Asia,Jakarta,2025-01-16,fullTime,Fresh Grad / Junior,S1,IT Services And IT Consulting,N/A,N/A,7d5a6e64-4978-4a17-a515-d53de3810f8f
Sr. Machine Learning Engineer,PT ITSEC Asia Tbk,Jakarta,2025-01-16,fullTime,Supervisor / Asisten Manager,S1,Information Technology & Services,N/A,N/A,1f62e5ac-4fc9-440b-9a4c-c7f0237af069
Electrical Engineer,Triputra Visi Energi (TRIVE),Jakarta,2025-01-06,fullTime,Fresh Grad / Junior,S1,Oil And Gas,N/A,N/A,c11e1295-ce41-474b-8b56-413e1bd88e2f
Quality Assurance Engineer,HIGO,Jakarta,2024-12-19,fullTime,Fresh Grad / Junior,S1,Wifi Platform & Integrated Digital Agency,6500000,7500000,059be176-f810-44bb-a0c8-183d9cd07c6d
Quality Assurance Engineer,HIGO,Jakarta,2024-12-19,fullTime,Fresh Grad / Junior,S1,Wifi Platform & Integrated Digital Agency,6500000,7500000,1606d157-58fa-4ccb-8ead-57d78d5ad240
Backend Developer,United Creative,Jakarta,2025-01-29,contract,Fresh Grad / Junior,S1,Media Production,N/A,N/A,a69b8e13-dd3a-484a-8db0-729602eceebc
Odoo Developer,JALA,Yogyakarta,2025-01-23,fullTime,Fresh Grad / Junior,S1,"Technology, Information, Internet",5000000,6000000,573e9b42-c957-458c-82e6-91d8ccae11d7
ERP Functional Analyst,MODENA,Jakarta,2025-02-07,fullTime,Fresh Grad / Junior,S1,"Appliances, Electrical, And Electronics Manufacturing",N/A,N/A,2c4e03b9-5b6b-48dd-a64a-73d635941305
Business Process Automation Specialist,PT Mega Central Finance (MCF),Jakarta,2025-02-06,fullTime,Supervisor / Asisten Manager,S1,Financial Service,N/A,N/A,ef4800ef-e715-4887-9336-1ac831f2ccb2
Senior Business Analyst,AlloFresh,Jakarta,2025-02-13,fullTime,Supervisor / Asisten Manager,S1,E-commerce and Online Retail,N/A,N/A,3fdcb1f6-970a-4b18-b3a0-6eac128c6ea0
HS Code Specialist,Wilopo Cargo,Jakarta,2025-01-20,fullTime,Fresh Grad / Junior,S1,"Transportation, Logistics, Supply Chain And Storage",N/A,N/A,01556048-1bbe-468c-a82c-ad6d60112731
Product Manager Laboratory,PT Abadinusa Usahasemesta,Jakarta,2025-01-22,fullTime,Supervisor / Asisten Manager,S1,Hospitals And Health Care,N/A,N/A,ec3a32c9-46b6-4dc7-9e3e-5b7c244f5b79
Risk MIS & Modelling Internship,Adira Finance,Jakarta,2025-02-11,internship,Intern,SMA,Financial Services,N/A,N/A,2a52abdf-aee3-4c44-aa2b-25adaf58193d
Category Development Executive,Wings Group Indonesia (Sayap Mas Utama),Jakarta,2025-02-12,fullTime,Fresh Grad / Junior,S1,Consumer Goods,N/A,N/A,597fe53a-c701-4b77-8430-0824738b583f
Associate Product Manager - ERP,JALA,Yogyakarta,2025-02-13,fullTime,Fresh Grad / Junior,S1,"Technology, Information, Internet",4000000,5500000,1e5a6473-1d0b-47b6-bd2f-3f3858319931
Product Development,ParagonCorp,Jakarta,2025-01-19,fullTime,Fresh Grad / Junior,S1,Consumer Goods,N/A,N/A,1aa67acd-0608-4482-93c2-3b3affe86c0e
Inventory Analyst Manager,MR. DIY Indonesia,Jakarta,2025-01-10,fullTime,Mid-Senior Level Manager,S1,Retail and fashion,20000000,25000000,3a6b711a-14ed-493a-84bd-13e323ec5b40
Business Intelligence Developer Supervisor,PT Darya-Varia Laboratoria Tbk,Jakarta,2025-01-08,fullTime,Fresh Grad / Junior,S1,Manufacturing (Pharmaceutical),N/A,N/A,870cafcc-8ecd-44ff-8cba-b9323b79be72
Product Development,ParagonCorp,Jakarta,2025-01-19,fullTime,Fresh Grad / Junior,S1,Consumer Goods,N/A,N/A,390a4f9d-8d83-4ceb-a047-14c1967e1520
Product Development Intern,Adira Finance,Jakarta,2025-01-07,internship,Intern,SMA,Financial Services,N/A,N/A,9973d030-6dc0-4d20-a560-c72fdff65a10
Business Data Analyst,MG Group,N/A,2025-02-04,contract,Supervisor / Asisten Manager,S1,Hospitality,N/A,N/A,3c2dbd39-fe92-4a58-b29d-c993c748608b
Product Engineer,SuperAI (YC S22),Jakarta,2025-01-15,fullTime,Fresh Grad / Junior,S1,Machine Learning,8000000,10000000,ab267d41-8f90-4e58-b0a9-631381a50172
Data Analyst - Head Office,PT.Enseval Putera Megatrading Tbk,Jakarta,2024-12-04,fullTime,Fresh Grad / Junior,S1,Pharmaceutical Manufacturing,N/A,N/A,5635c827-8241-46bc-9f84-c9b289f408e7
Product Manager,Ayoconnect,Jakarta,2025-02-10,fullTime,Fresh Grad / Junior,S1,Technology Services,N/A,N/A,e1c0d821-3517-48d3-94c4-009303886083
Mapping Staff,MG Group,Jakarta,2025-02-04,contract,Fresh Grad / Junior,S1,Hospitality,N/A,N/A,bd0abca6-f9e5-4b3f-8088-018a4d47e107
Data Engineer (AI & LLM Pipelines),PT Vidavox Inovasi Digital,Jakarta,2025-01-31,fullTime,Fresh Grad / Junior,S1,Teknologi,N/A,N/A,06240428-cc8e-4399-ad94-b2db2d83266c
Database Administrator (DBA) – SQL Developer,SG-EDTS,Jakarta,2025-02-06,fullTime,Fresh Grad / Junior,S1,IT Services And IT Consulting,N/A,N/A,da15858c-1fa5-4720-823f-4ad7c3832959
Product Manager (Mandarin Speaker),PT Indonesia Fintopia Technology (Easycash),Jakarta,2025-01-08,fullTime,Fresh Grad / Junior,S1,"Tech Company, Fintech",N/A,N/A,91851d54-b468-41b4-8790-c64438ae1f3c
Partner Insight (Data Analyst),Jubelio,Jakarta,2025-02-12,fullTime,Fresh Grad / Junior,S1,Technology (Software Development),5500000,7500000,7e126c6f-7808-419b-b8dd-e87a2aab2f52
Data Analyst / MIS (Collection),Akulaku Indonesia,Jakarta,2025-02-05,fullTime,Fresh Grad / Junior,S1,Financial Services,N/A,N/A,e12bf0f1-360c-4bc2-84c0-8e0df5d4f114
Senior Product Engineer (Fullstack),AlloFresh,Jakarta,2024-12-03,fullTime,Fresh Grad / Junior,S1,E-commerce and Online Retail,N/A,N/A,0ee7398b-267c-4e33-96c6-e1ac10c0b388
Data Analyst Intern,AlloFresh,Jakarta,2025-02-10,internship,Intern,SMA,E-commerce and Online Retail,N/A,N/A,95a7c16c-e59b-43f8-971b-f64241c54bd0
Data Engineer,Infinid Indonesia,Jakarta,2025-01-15,fullTime,Fresh Grad / Junior,S1,Financial Services,N/A,N/A,97882e18-d909-4dfa-8c14-7c0d3f52f93c
New Product Development,Tentang Anak,Jakarta,2025-02-07,fullTime,Fresh Grad / Junior,S1,Moms & Children Health,N/A,N/A,d2e32114-dd15-4a57-b53e-dd96a90bc7ea
New Product Development,Tentang Anak,Jakarta,2025-02-07,fullTime,Fresh Grad / Junior,S1,Moms & Children Health,N/A,N/A,900027f0-d535-407e-a43c-cbba52c4b1c7
Project Manager,Pensieve,Jakarta,2025-01-30,fullTime,Fresh Grad / Junior,S1,IT Services & IT Consulting,N/A,N/A,775c09cb-bfc2-49a7-8a37-c1407981059a
Product Engineer (Intern),SuperAI (YC S22),Jakarta,2025-01-15,internship,Intern,SMA,Machine Learning,3000000,5500000,772a84c2-75a3-4f57-80e9-f27a63885fdf
Product Operator Intern,LindungiHutan,N/A,2025-01-28,internship,Intern,SMA,Environmental Services,500000,1000000,77e6e74a-dadc-4184-a753-80ebf61c34f4
Data Engineer Intern,AlloFresh,Jakarta,2025-02-10,internship,Intern,SMA,E-commerce and Online Retail,N/A,N/A,900bfc5f-7eeb-4a00-8cc6-de04b3255cb4
Data Scientist,JALA,Yogyakarta,2025-01-15,fullTime,Fresh Grad / Junior,S1,"Technology, Information, Internet",7000000,7500000,72c65ce9-468b-4b0a-a64c-61a2effe12a4
Product Manager,OY! Indonesia,Jakarta,2025-01-31,fullTime,Supervisor / Asisten Manager,S1,Financial Services,N/A,N/A,adf4fcd6-1ab9-446b-b892-d685c5a5f7c2
Junior Market Research Manager,PT UNZA VITALIS (a business unit of Wipro Customer Care),Jakarta,2025-01-30,fullTime,Supervisor / Asisten Manager,S1,Consumer Goods,N/A,N/A,d41a1a46-4a96-4ad6-ad57-a0fc8cb4dc72
Junior Data Scientist,Akulaku Indonesia,Jakarta,2025-01-17,contract,Fresh Grad / Junior,S1,Financial Services,N/A,N/A,4df339b4-6e45-4fa2-a7de-7ac66c167a7f
Product Manager Intern,PT. Inovasi Anak Indonesia - PARKEE,Jakarta,2025-02-06,internship,Intern,SMA,technology services,N/A,N/A,5e866ae3-1bf8-423b-a437-10e8c2919823
Associate Product Manager,Mitramas Infosys Global,Jakarta,2025-01-22,contract,Fresh Grad / Junior,S1,Information Technology / IT,5000000,6000000,017aa5a4-28b0-4abf-979f-378afdd14434
Product Manager - Reksa Dana & Obligasi,Mondooli,Jakarta,2025-01-23,fullTime,Fresh Grad / Junior,S1,Banking & Finance,N/A,N/A,949643a3-ae60-4ad7-9d1b-0b63008cc8ac
Freelance Quality Surveyor,PT. PASSION ABADI KORPORA,Tangerang Selatan,2025-01-09,fullTime,Fresh Grad / Junior,S1,Retail Luxury Goods And Jewelry,N/A,N/A,144a27a0-3112-488b-b8e0-51e3198bff56
Associate Product Manager,PT. Inovasi Anak Indonesia - PARKEE,Jakarta,2025-01-18,contract,Fresh Grad / Junior,S1,technology services,N/A,N/A,8d41efa3-6761-465b-9b32-e71f9ff5cfdb
Data Analyst,Parlént World,Yogyakarta,2025-02-11,fullTime,Fresh Grad / Junior,S1,Retail Apparel And Fashion,N/A,N/A,fac1f095-13eb-4aed-a471-f90e119cfcc4
Product Manager,PT Padepokan 79,Bandung,2025-02-11,contract,Fresh Grad / Junior,S1,IT Consultant,10000000,13000000,a4606326-aad1-4d53-bc98-4fefb78b77dd
Market Research Analyst,CorrosaLab,N/A,2025-02-10,fullTime,Fresh Grad / Junior,S1,Digital Agency,5000000,6000000,bb7bcf83-897d-4bfb-83a2-d7bcac06117e
Production Manager - Activation,United Creative,Jakarta,2024-12-14,contract,Mid-Senior Level Manager,S1,Media Production,N/A,N/A,1ec2b530-fd87-44eb-9215-f8b66fd94e55
Data Scientist,Bringin Inti Teknologi,Jakarta,2025-01-20,fullTime,Fresh Grad / Junior,S1,Technology and Software Solutions,N/A,N/A,814f59bd-f6cc-42e3-8e08-9b2dec178c51
Junior Product Manager,Sprout Digital Labs,Tangerang Selatan,2025-02-06,fullTime,Fresh Grad / Junior,S1,Digital Services and Technology,N/A,N/A,0377ffbf-f4c5-4a2b-82d0-0cc9c07bcf0a
Business Process Improvement,Sari Tirta Group,Jakarta,2025-02-03,contract,Fresh Grad / Junior,S1,Manufacture,8000000,10000000,6893881e-dfbb-4256-bf6e-2a0ed9bf737b
Data Analyst - Odoo Developer,PT Optima Technology Indonesia,Jakarta,2025-01-06,fullTime,Fresh Grad / Junior,S1,"Branding, Creative and Digital Agency Indonesia",6000000,10000000,27335604-763e-429f-b30d-13642a1fc54b
Data Analyst,UENA Food,Jakarta,2025-02-03,fullTime,Fresh Grad / Junior,S1,Food And Beverages,5390000,6500000,d7d1a627-e2ea-46c1-99cc-8a07db9287fd
Data Analyst,VCGamers,Bekasi,2025-01-21,fullTime,Fresh Grad / Junior,S1,ECommerce,5500000,7000000,ebac2102-9ade-4b6f-aecf-7a771ffe7c34
